,Addr
0,bc1qlpjety5uktugykyame0eymwkhxyjaqqndyk9pt
1,3LaPbScjAEsJD68xojsTkjnHeu8sGdi8em
2,1CZGsu8ZevDqsC91TvSkTJLDEsBwbyhFLw
3,bc1qmhdj03lmv8lc4df4acg02rryvxax3h3ee59hmv
4,1FNPdjNppT41AtuYrGPw4tGa3iBNyG7J1P
5,bc1qheq8d7hyc272a7ecvt6var5j2cp5adjvh22j47
6,1L7JgGyrCGeUmUCpZ1w2s6Ts5LXH7MkFDs
7,1KLBqnz9UCAYCr5ga3qBzmvhyrUNCMGxcu
8,bc1qjt4py837c9kft5szpnhuknszuv6x58ydfrwvap
9,bc1qhga86zlu9wdsl4x0h7tel0djauffr0zlk8s3s3
10,bc1qqgztmksy8sg394v6zrugqh2y3zlkh4mhu766w8
11,bc1qeyxcf87r9d89ccjmy7t663ujnjezkw942mppnu
12,3LXzy1NhtZiwweGsYSmZ4a1fVHXhfzu8p4
13,bc1q55rql96223894hf7e58360c0eq5wwrtfuzznxk
14,1GYcsANY8FG277i85wshzHPxUMNHExvaDr
15,1LgRXYQNAnpjeALxMmn26w3guvXtnNkbmJ
16,18phRLg58pcKjoY2iWzytBdSPe7U2frEJ4
17,12Dc6jsaRbsXz9MxfhNhHBSMgZJeqqQate
18,3D4CNaLKhUqVN9ZobNHdAPxnMoYqcBNaXA
19,1DduMzaC51zR14GC1o6iMfeonWq7XrUT4g
20,1HqML9u5ZhhohYjemhoyX7D5zumU5Uighc
21,bc1qzelgu29xjr47s93qr4q4602g0qdpxexfwt6mw5
22,3LHoWnniGGdoLaPBpfkUCi7ugtawUB1jHj
23,bc1qt2g9mcksvtcpzu97quarkgk0hvngknchu48gn4
24,332Fe76BqMTez5Wt4G6DqgvGnHbXFsgBt6
25,1GniRk6wTJXBykh1oZjp4KQs9beWAHM9fF
26,1DezMrgxPZJ2xRZ3rBffhS1DK78NvmmTdG
27,1671v32vdFhZ5hmr4etUn5syqVbvjzAQrA
28,bc1qxcx756rdj9a3qjx9tupffwwt2pzetcz33s07um
29,1EdESJfdL53mUdE2yLWGskStArSLx25kC1
30,1Dv4UbjR5nqRdgDskv4uRwZxGJjm82cjXX
31,1DRhcnNyx4k6sYSxC3o3w8S6Z1X3sRf2fp
32,bc1qc0glyyfh8khaqk0rxa5sq8l77ye7vscd35fkep
33,19tJDUy6ts47YxJsjjjCnpf4UDjiFvd91A
34,3GJJSQMPVFgYMcHiojUgq7ha8bD3Zog2TH
35,1L6udvpUEUbhro1wbZH4GrU8DLahe7smEi
36,bc1qlhct8jlhv0n0295wavjkhnzgmtwg7lmwe430k9
37,bc1qcnvflm3yvjvxr2ky4xazuh0rtn3900sw3f0l3l
38,1KNV737HkrSytq3fV3MfvoiaPUep1HtTh6
39,bc1q4vljuwqagyj2425n0j2au3r9030sxw0dtfxey2
40,1AaAHZhmkykUfgtHX6cTwCcoeBkFFhK7dq
41,3FvB3pqL8RaMZ8s1zWeHTRZEYVV7NansBx
42,128eTTqhaodHjZWxwEfZttidMqxTn8Sz7u
43,bc1qkhxm558rekzge4ru4pldjn5ctv9xkcqw74pplk
44,12srt8odvNqJMLFxhjn6uwr1RGtmWdX3Bg
45,bc1qhz69ygznpwt0q8a7yu33nmrlarmzc9r2t4l0sq
46,1Fe7T6W2ZLADsky5a5nrXJ46f94vtYRPbU
47,bc1q3ypqf9p29rdt0d5wvr6ucdeglnjg42qq6cnzyp
48,12SCLjyNMiYR3gQqj5hvuqVeJZ1BFdQ96K
49,12MxPmyuuwX45fopdR4PDeyecW8Lpdrn3k
50,1MYcWmhXuShf9N7rAAXWumbyB69MwuqiMw
51,bc1qfl40ykmzdc80wfazez37ywa23evervdzhwnghy
52,bc1qg9r2cp3lzpg6qy76lyqa0vdrkqnt8tar9z9el9
53,1GB6QGZYsWDk6iL5J4UMUDeGMhXXk13LWb
54,3CW1uKJ8Kd6DKdGEjJQyN3tFmHudz5zT4b
55,bc1ql2hdvkr3rl27wpjdlk3ys3hdct2yeqtygejhyn
56,18MDK4JXM63NasYXCnWNaUgdDKg7asYapq
57,bc1q55l6f89l6pp5jq2t6e5qmeq4ntlrzmxwk0y4f9
58,bc1qsergu972j5wz3dg4asmfaahqytsafpqd988kzt
59,1HLvBjutSYwgigeYoQbFgJwQmkJdPwmaF8
60,37JVAr4CrxVn7WFgG17kDDJWxp1Zdd6ZQj
61,1AwGgL5ZrPrX6Q95KiJuKqe5nEtnZWPZ1N
62,3KD1x1M66XAnvMP8wyU19E4rgLKyLNQHH4
63,1LwpumW4DPdemfM5o3XNHvB5nRBhJxf7uv
64,bc1ql4pfvdtxpxhpwuz4znh8h48qcywmscnk8na23y
65,bc1qunrg6kym0wjwpmp6qngtfc3pfru0kufgm9z3qa
66,1KxrDWUiGR4UPgeysE8qPKumme5vDmSj8
67,1MnZXJm2615z5VU7tE6MuAAm3atySVL2Cr
68,1GNwK3ERXwyR3f3UaH4W6t6v41XNVTF11x
69,bc1qtk9fau0rrzqd6fn2sulrtvdfendg3x3vxa90m4
70,3BC3XhcYpbLajofYNhNvkFMnHMNn9JJfCd
71,1Humg8y8MeZA2aEvduEdeA6mLdg7rHDHVb
72,16uqSZ2vg4W66mFdX9VtcJESZKmtttvhSd
73,bc1q54pqd420lzdkjxwp06rm0hxcxs60ves2749qa3
74,bc1qhlkv7mfecd2y4ys95hx7akk56rp7he9c9260g0
75,358mD17Uw67Ev4ykGAu1Yvy922FPNq1W9D
76,1J2RQGPxGgFYJSy7niBJBNyGwS8Zb5fLRQ
77,bc1qqck3kqylm6fgwde52np2zr3gxqqxxek4mqhhs8
78,bc1qjtfmcajcletlhfu45vsfrwd5lns4du043rf62s
79,1NUxAwCmb9JVr6F294ShEChKZQGumgvmBa
80,1P6VWWuS4eq82D9tNHdDv8vZjQjbLDESDo
81,3AbKCFBCcVTE1ZziGngyUGxckoc57UMVmX
82,3JYrDbMfZBRyKTHsbEhetsge3W8sC4rkoh
83,177U2ibtjRkDX12Ptdr6AyttVAwHtHEbu9
84,3PKP4pQttTiLaX2gMMThJ9VbHCkDxLjZbH
85,1B4dLqGeHaxnwzRZh7TJbGUEk1uBGW9TfU
86,3K977Ak1dkCVEdu9nBPwGPJ6YEPRRWQTvn
87,16DCMoMcLMgwAYW2A4eDGNT7cMGA41eSz2
88,1BMH3b7fbqLRXTYiU9UgVdutrLy6Szv6SU
89,bc1qpxerf0se2zwf9nfls3tr9zc2ukd6hk69j8y873
90,bc1qd9j6l6gqqfffheq8galkz4cmy69f86add44w79
91,bc1qcv29ky6756m9tvztf96cdlzqelat2dl9spsxwm
92,bc1q02l2wlzvngnqsxxyvlrufdzcn5fhjfp4y9rftg
93,bc1q4c9d6h2p50rs2523ft8pvtr9qy46kgyvcdqhxy
94,3HFZWH6AbvSgwZ61B3c8EfKypEoFbvd3ug
95,1ExmfEqcaniiuVSHLXntuDPSQz8CyqAuvh
96,1BVSnqyGn8ddCLgo4qTP96tLE8qbZok6p4
97,3G5K82ErSMBrYzyUSPSQ9jtp2cnixGkeZc
98,bc1q3k9dntuy8dt9f6slez5tfxky9j29fn36n5h4x9
99,16j3e6m69nqKdfH7K7ficzRfDQwEjH2hWM
100,bc1qxxznen0ajrc5k9r8d5vlq6wvamvhf2mfcksmc2
101,3LVsk2gw3c6bPrk28taYE8xAc46Wvr6FZf
102,16xMEA7LTFsAjzfsd5DszVcnsS4PziTzGJ
103,3FkyDgveLQDnYJQnGcoMYz3fk1QwH1hLVM
104,bc1qwj75mvmvwgekrgxt58ku7yl6czrd97l8mrf6nw
105,13sC8UoYaFTC6SfUxTqpKThB4wnep2ABrP
106,bc1qfsml3xhse7fyfwhkxkmkf62ehja4t3zd6kvefn
107,364fFN3byMstCwNhRjU9pTDrmNDNQENEFj
108,39EHccMNkfq4zZ6YEwWF8JzFVazcJjoKQ1
109,bc1quyrpc5cs0argz08m783mphg5vxcjy4ndcgn3es
110,bc1qulxcrl35qjrcmrh4eq4mehxd737njuun8m6a27
111,1NJdu3dtyHtXtZPg5e1PyrzmnWH7ftkEnC
112,bc1qrz64fgct6ptqu47yzeyzaw56chdc04d70u7u3u
113,1HdevRCz8MwEXA7o3PjewAWR7HpUEY2ovV
114,bc1qdggh6ekzmfr35ayfjcz6dtdhegq2czsc8rme8s
115,bc1q2yejz3444l093etnael49l7j5hewjxhvh70y69
116,1MUdaAajLg6S6TMMQeF2gRf6wSVfpyqs1t
117,34sXcwY59AFw9Na77sn7Np52417HnU7Spu
118,18SH9ys5mg5cFc8unTWw1vpujLDS99rE5W
119,bc1qh4yqdedx78mza9azsayyk5a4juhppdl5dtjttw
120,bc1qn6m38srk8quv6lgp838z7fqqwja60qnh738xn0
121,3LNSkjvCwjFz4UQwAjrL1VWe93XC4C4fS5
122,1MxcDUjpiLLTPpvHB4ikbaePgp97YWDpn9
123,36h7p9dQcyUAVUmfWZRaGtqvR4kr38w9rq
124,bc1qzn0u5drqtpgt7v6qd03xt7u862hjtpzv2z2wch
125,1DbBJENwaW7X2uXV7aamQp17mDqecsjHjJ
126,12LP51SavK7RG2TwPpfinibVaf6r2Kmm6m
127,35U3bYqg6yytoiMbLRcgdqnAv2eKHQ2scJ
128,14HspYdcjndxXXYY3hkDfffjoJPQ8hkjP4
129,bc1qlrfqa8ftg6nz5lxwdww7fm4fnwd5gas8402za0
130,bc1qctf5t7msfnzarnnnwmuaf8szfyt8xged3nvhrz
131,19U8v5ZvboBpD3Y18N1UAAmww1nLMXEX45
132,3P8ppuvBnCbm9AG9k3WmB92PDuibjxGzF4
133,14Dq3cFt68XiPNtFzLbibprM4EVvHY6HTR
134,32gbue23qYa5N7L3VB4ghmddC7EKrmxLNs
135,3MbkvhEzee4NXvycDVtEPxwwX56RRaB7Gd
136,1HHZz4HCofBtT86aiT2eDyM2rSrxZiPB5Z
137,bc1qc9cvqve7sgzkpj5unsrw85jf65qsag5s6hqa34
138,38pZjd7b9RNxM7V2hFFV8j6RmeN4sHThm8
139,1Ke76PdevsiLLDvHa1q41KvyYJWj18zjms
140,bc1qktwp07ckddqx500eh88t9v8yu24c6n59dhtka7
141,3P6FPZEi5mBJtwUi8VhrwPDu6pUbbFSsAj
142,bc1q6xk70lzzyekfdqzucgp6aapfgkwhlrvz8p3fyf
143,1KgQse7WMjTXnh6zfzJZcQqvKWTXPxHDvf
144,bc1qrauf2qqctfwarcyl8kh44djezz73eudqugt8vg
145,3FX6Z9Zn8i7Y5mVosF6BWMbzqmM26kpWMM
146,1PsDcGGsLD38dqBTsXMT5YonHnnzGoZsqy
147,397VBQ3YcmEU5aphYViVHpVg8J8ZbErgcR
148,1E2m2VLrZNzjkrVTdmBhV41Yqyy682DfyX
149,1A4As4fq5jvpUDFifYua5uRc32uNx14x6E
150,3Pc3WZHGMfjvZ8cmsQK51vDtosrv8EQ9Bq
151,bc1qt8r7muj98e6wqls63a6xnduky2qqj87ax63344
152,36pBfM1QsBW3Gs4kbDVL9DsdJ56GLEbzHP
153,1GHZfFhxN6kVnVxCtL7X5tPsdFqeG6Bo5X
154,1Mk9VCEfS57LLcmB27ZbDUHRUA5vb6zN2t
155,1BBa1MLkj3YRtfZQ9DN9qLvSu6AvZTMPNF
156,1MEEHuWXb9mpv4JCs6LjBtnmKPp2E66w6P
157,32mBzzh68n1PcaGi7VgSdNy1LvUegxefau
158,1MuHcHzDcGUgDeVkamwAvReoFmAu2USk5
159,3Jau4D7BkWLPH7y6DdxBagUMrbPCMthwWp
160,bc1q9q303kndwqrh6vguz4q0cprt7qs2kp00nlc5wj
161,bc1qw36fvpywaymu7j0aelqdaut9dggr7nrnjzelqk
162,bc1qpspde758fnp4qudrk4ys0gxgf8pjnrk026f782
163,3DNZ4T9pCGuJpCxwrsHRyBdip53ts3Ay81
164,1HkShBBZnyRyTvDTVHgFuEJQiFcNSPJHiE
165,16dAVThr15pimuTkzWpCiee34ozd62jdSe
166,3JeWHVip6DuNp8HBMrDzMTM8TYCoknLXC9
167,12XgH17RnWJHaQzzmdxHHmHFRCnCcBya5q
168,1NpPX3M2Lp8eoefWydMSDq41W7pSk1JeBz
169,33hYSWwnJQGA6vxgm4xyZVu63nKGrXHTec
170,bc1qjkw9p74j2ynsnd7xn5z2pqrac5xj6vynelh3xf
171,bc1q4xkztde60ewdvmv92yaz7rp0rze2ejjhuv3wpe
172,14LJ6V9PE2FEXnKsiTraHjSwNWQS3QBJZ3
173,1NUCRxhR7becozc6N2mk6kHTS8UpdH1Bhx
174,bc1q07zjmwhhcacqtcngnfdd5wkxjrg3rayarevlrs
175,1L2bi3XYApz76J6dubKwRunD3f9Nos3GkF
176,39GuZx7amF4YyhsUAZdiVpuNWUWov67FfE
177,bc1q72d4xdep4xfwsm8jjdz9pjr2n4vrjrda0dzrr4
178,bc1q3sdkl26mvqs5dfppw8g4uueraumrsppzhqmxj9
179,16ctBAKbe45v3rzi1LgbDNXQiePksKFAut
180,1JwBiDdRHpMVuE62anovVCyLNgDebzNr9m
181,1NXSF8Uhhi6M2mqxShc9EwY4K2Z1xWbVb5
182,bc1q9umq34yvu939sknkvx0qh470xlgh7vwk22y2yr
183,bc1qj9kwcuphaqespyghzmdt3hc5026ys3k33l2jwc
184,343j7rtcwkGCiksmj6BjZ9ka8ZNiWasx7e
185,bc1qj0syjgpnyn26dmhmyf4af6fd9yrp6907vw5apr
186,35jUqsj1SGGp5UFbNhN8zH93etv5RwoF45
187,36ZaGyPbEkVuvrVVSLNipKwqkE8dUsQfZ8
188,1KyrMQ4We6BhRLngUFszkTsNGQqmjVvNcj
189,12Gjcj7B5ZsQPhRLtzRUiYsY7TFhsPyzsM
190,3D8cJZgXB46mogygxhwawsj8q9EiDDsUVi
191,15w2jkJxQuZwNvs3iXhb6JRYNTRepJ2xM4
192,138G4pznFNgLaRFBusNs8ouBEGzxttJhmr
193,3GDJpB2u9Td9xxRrXLJ4HQH7m59RcRKCxd
194,1BBpFVGMsX8WqChNoa3dWNAwoRdKHW6Zck
195,1D2eFJqMcNKFxMYKX4grc5Vh6c5Wh5NtWQ
196,bc1qq9uefdcpzyu9fjmjrecy09lkd66p55tw0ae3ag
197,3FE4P2iAxQ9Lkq5tr5YASAUVN95N78tf6z
198,36CTBnrtoaEn4SFXcpkmH3kt7JEcSKmvNe
199,3FrxZkciWMd8ejFM6XNLrmkS8MVGn4bJwZ
200,3FqZV9TDbRCSayNQbwvY1XA2oXtuPX712J
201,bc1qhakcagygnmgsy7vya5vhd5ezyugpmwelkl3hl0
202,1Nx8xKBwezLy462WkQTATwDobrfsrLhPDQ
203,12cE238oVxSBdtFdyTdTj8iss4JS8ogUKm
204,32sLpohRmeEhvAFRLJ69Z695RkoPyATCmt
205,14SN49k3uo4MYTZg71y4TAiy8E2u5xLJqS
206,38mLMJjDDecLvbj9JLfxMHrJws9h7aYouR
207,3KyGnXaissk1Y7hMTKPPkkJdaCdxVYG6bL
208,1CTc3UgLXLwtgCQkBzs1rDbxzbCACAaFXv
209,bc1qmq6wwqsptcgdk8d6kgwcpfczp53czj3nu8pt63
210,1GBArniCzdRbVRtmXZVGPym1hVSS61GzyF
211,1LAgyTY38CUVQzbTFKMPbJZ8rxztfw6fEi
212,1KJG3iyE619A4pC7EWZ3Y8Sx2X16Cw8myW
213,33AmtY4Yx4zWYpsuEyE9NJj8rPPPwk59cm
214,bc1qdrvepuulhuswkgrljpa37lw0aeejzp7qs2xt2q
215,1EAchYoxqNviTj76HJjSpq3txja9XtZWdY
216,1MXbmXWTTbyMEQWGD4WvSn1MXtzsDUPCP7
217,bc1q4a7kfsy7rgy4m740uh6lxyqhm3hshe4euwcmww
218,1K6H8KgFe1R5cqCLU6Ytyq25pwUDCaVPkj
219,bc1q4gw67tqp0da273ezql0deddsz93wjs73tvt5xv
220,35Uzp21m6NwCgnGWE6VFFprBrndUihHgiz
221,bc1qq3p2jgnvq5t8ght38yr0qgt7auv0venwf5u0jq
222,1C5Zv6gw5zAhpjn7dotycGATzBnSi5Djqz
223,1CvJPpKKs9DAcDU1FEw95m6hAa3QoopyED
224,3MfCxocGmT5raj7zxNPE3p12FqZBGRRhWP
225,38wiS17kGoFq7GTpuhiBpPv1nWizPyq2As
226,bc1q2l8rt7q5m3pkzmq6udjhjlege3ea4drwnyhea6
227,3NkQ6Aqv4zc27Acrs6aDmWWDekm6wxrtGk
228,18GcPy77wJpr8H9ZEV7R8GjpdNntUR9p1A
229,bc1qzyceqa8kstqfxdstlx48mnzy2jkgdg85hq84sp
230,34ELfzyXt87ZZXbHdw19u55Rttm52D6BsJ
231,1BRfkSStapmTCAzu7ACNZaFsb4yTLaNrDj
232,1AxucUQJfbddNdhPbyPqkX97KSyY51nkZm
233,1MoCAfYtQ3VzR1J1WrFSCX7UnuixfpeVw2
234,1KGxJ9LkusTohwZtoPzVReHZEmpZAs1Ygu
235,3BvboJLdFsUUXP2xNJPEQFxw7YA8xuocdo
236,13pu83dfML1eWRU5aCch7AKMM8yF68zGjo
237,1CwZpUf94D6VR7rJ8iL4K5L31hKrnLw4DX
238,1QARocHRREmTzF7iKoeVQn6cHBpFQaadJN
239,bc1qu3cpdzqkcc5he0asj032s5dc06fx5ytmvll4rd
240,1CC8JAxEtuKp73dp6RqLddpmHyMkmqp7RH
241,1Gj2NkWoR52czE9tFztLoKACPK9keT4vBK
242,1FmJhNb7cBCfJiPecN4djo8KCHZvEyhxyu
243,1JXTeXNYeFygRo4FnJNVsyPoUuGbU3jXBC
244,1MvwtzN4stVuuCZFxYwNhJ9EjKDLxkUSnf
245,bc1q76n63ks0e62gm2q6q7tmj7enl9kc6dnav68yes
246,bc1qjn053qgra4w69m392985cycdy25eqzx8gm4qd8
247,bc1qdm8kg2zuhfudg0d96mpy3kffkrf7txumakpz4t
248,37yH8VwSP6LV5shuGkopBKST8ZjwqqEMmP
249,bc1q75a0aqlqdu4lh528fag6v8t4x9pg2vl78zckzz
250,35dB68RyePqSdUcekou89uEt3fLdRThi2x
251,bc1qv36wwhxnr7gs0kl55y2rzga7dfu72ct38lxqnm
252,1LF16djF4M15jMckoy21H5o5cWFM5yZmE1
253,bc1qt9rmkdu2kv8ulch8zyk54pk4mx3ealpsv6funy
254,3JLrfgjdX5gcvYvNeSGqVVYtjBdZqHqjLn
255,14i3MNies2w5xnBhkJw9N8G6s2SyuPDvDM
256,bc1qkt8jle6hash8fuesps8hajnges53sm7wrrq2fm
257,397JoXPbz6cWTR6A18J4E5R8zjbuyJT7x2
258,1MGW9JYaDQxjMAquBF3dWGtXqsCYMKe45n
259,1wfKFjpzYueDwegbBA1ga4MGzbG6hgAg3
260,12e655PutKgMAhaPpBGVyMC6z4cSPxhkuY
261,37HB3wz7jo6pxLAQ3XMxWCP1Z7F9Bk8G5m
262,bc1qmvfj9vfren87x93rwf9dzalgj252z2ey6f783h
263,33qmicD8CNZQ4rYuzrQyLqcTnpBnzM48xx
264,bc1q965ah2y0qaxcflhch4spsts3d7y0ds6ykj8me9
265,3EoXVRbTheKXZNfQGkqahgtSnPsXDuDxUA
266,bc1qladn89rmc4kn9pqyf52vde0ddrqalyz9pj3l3t
267,1xwJj9aqQFHXU2MAchEJb87ip7bUFzeNm
268,19vgZabLvUPrAGiV19mVfTSA8EeHbBem5k
269,3JxZ1dQWqAXTVVpWA5uWDu47FdSL9nw9h8
270,16ZVCoJQqnxgdwyM98iVPWXp3dAGazcgMp
271,bc1qt3sqdmsypzekpk426p22hu4r4ycn6numcjwzaz
272,bc1q3zc3j3wjpw4mvkppaftsl7ecn6rcwtdwveycjw
273,bc1qenx093l2cak6a4a3yjn3wxw3f7t5lkmuvuaqrv
274,bc1qhtrkn438ffxrfqhsx04su4nvav5mf4e5khjt6e
275,1CgCgd2p6znfHvzyCFAQ7jtFPLme1UxmN1
276,15qJH5vuFccXHeSFTz9ARRXAQu2S5eC7Ts
277,19mkWwW6EFwnQ8P2i3mvkjXJBYydns5F75
278,3817dYgAorm3ux7uZ2SaQVC2WrQqR6ZCsD
279,1GhW9C3nYfjpiWf1fhZwUr5w5xqcJhAzo
280,16m8ReoZqHJB4rLaXuongm7LSdzATRkgnx
281,136sBcogbXiRmQzahV81sa5x6pczJXZwcS
282,bc1qe3rlkf5prp337aqlzl4yensm5c852pw26e2vsg
283,1Ptr4ymyAnJv2XvWRZPjy5NDowVG8QK4cy
284,bc1q0gjethy4m30zqeznukj7fq7v0nf0n7c3rx4q6u
285,3HT6nDM9xH65aspFRq6TjnM3W7spBGGRsh
286,1KZz9BavVuDp51yp5epVMiLhUMhHAp83B8
287,1D4AYdKmoLuQ3xZBq2Y5ZbsHvMtN9Uq76c
288,bc1q0r67es7p5n8jlpj7gqurlxtjfs0u9fp3tat0x6
289,13oDvbX3qDgCcdskrvkviaZSZxEp5Revge
290,1yjzm2hLSzVDGKe59DEHyWf7x7x3418PF
291,3JgtQifWav5KFeoW1TQvA3ErDyS5GBcSkj
292,15QrmkzHF3i6SzHjT72Eac9LkMUz2yp7EY
293,1AFEWoktXtqs7CazpVw8cTYDmkHgG7L4nu
294,3JCSSK5kiTgkSwvGqaY6aevft4XYQiPy3m
295,15bHwFnjrMtBBs8qib1fDXdWvHHh6r4mR3
296,bc1qxycrpda5zjs08s27krhgj6wl60kdszztrac7q4xfcc9nmlapxrmqv04r23
297,1NSHZ4uf9hEaCUcVKFirMqanEqDfZSaJii
298,bc1qfkmcgpx3yajjadjzuweuh27agnz49q69xkkvds
299,bc1q6r27t7gpxswy856n70dqa8d6d2j9vztk0zkg9v
300,bc1qd0uz70qmsn9lh2qy22wdt5q7278nk8m7cy0guu
301,15MLtA38FuZhcnYDPdwX8So5YC5F5E1fn1
302,bc1qqmnkllz43dzf3fhvyjrgggyjn6kftn3d3efwx7
303,182zvLJh6PacorMjzsYeWP9yMg3zQQGL5Z
304,bc1q46yc296ray2se9mt3ct9kzguttfvn7xwpgxms5
305,bc1q4qwgmkudz9s6pz9wyxhhrxff83u7l22zuwd280
306,bc1qd00pecu8vcpks8k7e98p65el2h28c86px704n0
307,1Arr5Z21esXaDwcwaHehvpCqtm9ssj8j4q
308,bc1qpea2h48ayv2w964nc80z874qga0j52mq5djp4l
309,1Gzi1VvNGms6JnkX2BRaxuvqPKRfg4W7xb
310,17ZWjAJCVoJxEK9t5hr6DS8vn2ZD3CKQs6
311,1DJfvPR67PNZaCWzCJwnGxaGRDPuXS1i8w
312,bc1q40fzd7jmgcu5hnfpjv7n0jghth297k087ftw3w
313,13ezgMuWaeU1Ny5CN5PrPs8ZUBQB1UNb5d
314,34U8P8SVqrQKAEbRZLTxxT7DVm5GHz6k41
315,1EWSTBxXEQCXyUyaA8AHmUJZ2fnNYs2Vjo
316,3LqKA9su1fCapUkQuBpFLZHHR4JWrCmJn2
317,33SMz1KLFi9VvVrbfQoR72KEpPn8VsjXhC
318,bc1q4nu0q7xff35lw6e6jaak8hj6jr447ux36sq03h
319,16wo8PtRKkExgye1jpqe3Px5CUUbfziPKw
320,32vTniuY4k2UvgZ6upXj99ZkBF65asu3Ny
321,36jc94bHRMT9WasfyESNBDHnEEuAn3wgCZ
322,1LobtDpcRTfqgozV8c1WkTGhsZd3o5F53q
323,3FZVP62hBtZYC8Cm21fo4cWs2FuFf6zGga
324,bc1qh36fcr73lqyyla07d5yxrq5gtky7u6s6pmdnfq
325,bc1q5pwexnwhhx8knmdnky2e455cry3ypqxveyyel8
326,1DDEvWBMuvbVD7x3C1ZW3sq4ixaPAaHpXj
327,bc1q5dn6zmtvsh0pck2xq2mgyd9uqzqvzucaxguztm
328,36sH4oMyksZ5oSKLEqdCqQUePZUhNERFp6
329,3LR59SDVZuRP5sm2tupw6yA6VisqJZx1R8
330,1N1ZX1XFu8DA4SEG3w2ovufwiLVH6W4TMY
331,3QP4rrU7UpS6S1q2wR1QVcgkD7qo8MdjDE
332,1KY92R2mSML38vQ1JpZYeB7HTZ4kSCzrta
333,13xF7sgwYGpxqx4VvYvd1fh87yfpqDhUAY
334,3EiDLsV9PNPS4ZULJZ9B6FzhzYDzsDuECX
335,1D95nzwWUDLVsiAujYjamNubaYisz27kxg
336,1Z71SAdBoD1MNkghHwZ54wd4hiEyLZB3V
337,bc1qtk9lgjulzp0587wtjq6yy8yyauxtgz975sh2y9
338,17B1w4x18kNHuNrt5y4K4K35CDgq3JgxmP
339,1EniJjydZDiSbKLtKrooYouxNTNHbQG4CJ
340,1H3DxwYCxjvC8ZAzfe8UagTFeiUfE741Ae
341,bc1qms3njmm546sj9p4zf66xht95gpzdef9vfef7hd
342,3BWi6yLv6UNuwUvwmz8dmYxWiNitjLT3MZ
343,1Q2EVdtSQQgYYrZ7kAzLx95rnytt1V6HtQ
344,1JyAcheTF8ixKWdX186d5AfUtoSwrzsHx5
345,bc1qwhqcuwq5qvaepygkt6clet653xe6ndlvs0n9yg
346,3LpsTWVxZ8iD835T18U3VnHSPrV6PKYtKz
347,bc1qtlttguktsgee06q5vytrpn0zpl78p2nckpc69y
348,bc1qlg5krmj3zcq3m6lnqzwz3n227r72h7hgwgsgy0
349,19vrNDEJ3FkN7sRY4BsQeVa27ACaDuFL3N
350,1GLoB3tFQ1VYpFmjyQg4nJ2wMJQXqaiqkw
351,134kW6P5EecLezhf1NyArT4RkQ7XRNRHLi
352,bc1qu2hl8039ewy22s9c46d7nwqr4rkmakdqwzy0en
353,bc1q06u6ktj4l3m4yxfw4l8edvnhtvn0zjreta6x9a
354,bc1q4d724f9sv3qsrk23ghg4t5vhtn0gszyev0xffx
355,1PSwQR7ujmhZwCWoxsQjCqXedeaVcB2HMR
356,3AJhXfLeJ2Eyjkx6KMnYU8m1bD4YL6T8VL
357,3P7KcS4cn4b2yvjxWFRqF3FJ5YS6K7QinH
358,1HkFYB1YKDRvgtwhBabHZ2VnWrjt9t7mib
359,1HN1Z5No7Qdfh8pmxVzzRCYSPMUZ5ZdKRJ
360,13fi4YrjX7vc7xsUCvo6qpbDmZzPoCzXfj
361,1JMK3UbUXWiwdFoPiWjMPPCLH5zZgZdKSB
362,bc1q7ektpaap2jmv8rjm0fry4jj9sqj2a2syuzna4y
363,bc1qhkut4mqpvzr3vjgkdqpkpydgcglez7xf0ue6cn
364,1FQhppEt7rgsAm28YF49yd4mDjofD7q5YT
365,1HHHYZQDfRFJk3uue3Qe2u1mAy3wyDErQf
366,12huJ5x3qox7BvivAaYCvEYEZZwmuFuBKB
367,3J4Pm2M311hCaevMknZHCYvi3JJvrvySEa
368,bc1qjfujl8elqxkwu4e99880paee6spyyh3h90s3ng
369,bc1quph92h4yhvyd3puqeeatqupqy70xgyf693kxsv
370,1DFdeX64MBNu1jiPjSVtryz3Api8MsfYxT
371,16brgx5HKHQqx3cPpSvf22Z2iWL4HbH12f
372,bc1qrjaxd7g0jgnlzpwlmjsn6stqlwn4rlknkz8s0v
373,bc1qun4r2n00ly9s703e3s8p55g7q3t70lt0xale8n
374,1FQifHnw8A3HfiqnvzvKPpuWdfA6j1aC8y
375,166mEcwtnnYFoqH4Vxt6D6Ewc5y6LkULT6
376,bc1qje4hgd07hc9ylhsp7p8rcl7p4wwtrny4nhx0ny
377,bc1q55tsm8qz6dfxuxhzly0hs8rn84yj9nthj4qtsd
378,1LQBLn3j3wT2LYcDw8uCMasPpTmibkKUQb
379,bc1qvqmqyld0gmxhantzhf4vglqc49de8qly3x9fz3
380,13aJPjLp7X4WLaQ9ceyXf3YRQebdRf79zp
381,1MD1n2PpZA6S8yfs3aeBAUzpeBqiVhB5Fe
382,bc1qw8klv83526eq9rgzuve2jfsad86m4z2cwwvvtw
383,3C6jdiJEgHKdeSY9VAdHLBriJsTBaDYDMz
384,bc1qp0g2qldzraucth859g6hhza90y99tts7hpraj0
385,1Lxw3oBhvXV6TLqPg1FpMY5qqt2Td52Hbt
386,1NxAHw6WTKGZMv9Uc5CaV4yac413j699zq
387,bc1qrs0ak6225yzm7hhkwn3wnusc89cjfxxu9d705v
388,3JfUE3iPBDGmUjxDAan3JcyWp7JXho6FYz
389,3Lhbozp1qMnBSKBRqGPvTF7aTg4ejEqiw1
390,bc1qm5fq5cck4dw8zd4fyts9947pl6egp2e79z0jvh
391,148tcHcfszA6FCyy7bTotoK2taRhwqNCXU
392,33pfimcnjG2zXAkC3JXePiyoagkveYqtei
393,bc1qg70yk6f3lv24w57wgdl2emp902ryhr8r2wnqps
394,17XK9pttrtkxQJsgGULUeRHY4vdk3TgGvc
395,bc1qsmu0p8s70a3s3dgnmnadutunvvrnuujr4ew92j
396,1F72WwELwEToBbm9hTsuqvgydBc9nnVVWN
397,3QLcjXGc6DheYS8CbMCbyGmx1HvLY1KNSF
398,bc1qnlntjt7tjvuk7a4k2qr0hzeja7trt00ndy7j8k
399,16WG6hZ4erKMc6N4dEnNeYW6hqUB1fv87H
400,12b1kNWwza149CLYa7TuRCpx4HmPx5ads6
401,31xgyjAW1K1N2ex34zzarUrkkMLiYfnMSg
402,12StCGqJpWfHcWmEZBXZnC1VxXqahXZh6J
403,13U2MN89UNQjknCyyh5A9nsHGhfQzVwVaL
404,bc1qs0wt9l7dkdwvvae3dfyhww0u84u7qxje8p963d
405,1JdphGzYM3poDwvMPSeNeN288j1UG7AJxe
406,1EE7yXLRNYLfJAxHht25PwGxJeEMaoKFFi
407,bc1qhdswwze0hr2dn4vfuwdd8qpr8u2jf8rmrdql4l
408,1CTmBqjdkBLcgFtxPGzsgxVC2GWP74vz5
409,3PGpDRAzkRKgHqYyH3w1ouXBDWBGDfkF5Z
410,bc1qujjstlufgku8408ecxmumd92mrwlq82jn3nwmy
411,18h1uAVa2rmFcFFYh3HSWzrRF6Jxt9GL5D
412,12EtY7EFWA7SsaHQ2BS8kfiNFmuhjQGVXS
413,37ob9wq5wdBGeKJiExLDpdngeWQccTULxx
414,3LeKrAVQMjH7LQEpQ4BGZAwQKb8yBJGkQQ
415,16Dj4PyikqMgY9WjW64Dp4UVXu8ZjeLX35
416,bc1qaye64886aa8ljnmyjeh0gdwn7xhwqmmgptvawg
417,17hZYgzy9sFH7KaKW5fDDXYFN4tKTovZUD
418,bc1qne7dhd93sx9qv43458yxud6n0ne79l9ens38tx
419,12erkgfCdfrj3Lo2oBBC7ZTLPwyWsLNoda
420,341G19ubYZSoZzaYSCby1Lvb8dq7jMKE2d
421,1HqvUkbUrySApttTtWyAt3dYcpq16M8vZc
422,18iUb5b24rRFUpkRvJNhYJT9wSFuUeQ95S
423,16hXop4ei3aekNAqzUFW4UmKpGTp4tXx37
424,bc1q94q6ctxfh0nywfpm4zqr7l47wv2yava8csvppl
425,12SfSWkPSMCGrEnha1TVpqUipYNDcdfkX5
426,bc1q8wam94zm73453spetwhan7ac8yp73qjwekfd2n
427,3R1RELW4pbfz1Thh9PVig6rbSVBBfsnjiD
428,3KgV4XQc9TSUBQuQu4YSN2r5Cp6SjZiKz3
429,33go2nPBpsYm6mq3hGKnYfFXq3H7F6QuFe
430,1GhAHbMhhnoYwVDXKTNGAa5EjSL5HNCJoP
431,bc1qyz3mv4ycnwfj24c0xlavsyvfq5pnkpj9ahak3p
432,bc1q5n2kvx47ccak8fdky5hwr4qv8gt0wp400y0wgt
433,18pwEHL1NWkw7t2pQyMYa43ztdBFkAq4SA
434,1AcGvXATN4ahRvi5HDQpEdSSxMdq5NzdN1
435,371tWh74bmSoCQi7pCtoAoJinRLDvuMMK8
436,bc1qran5qmtedgdv6sean2deyeajdvuj6y7ufh92xj
437,bc1q706m6x5q4dryhfadzhmncj7et9qveqchqc8wdx
438,1PwqwzT7AN3PjN54G7aJ2x9irT89kRfC8h
439,1B7Asd8XPamvf6mXt53SsedT5c8paq1JUT
440,3K76yoW7hHf5uwimNsLXY5NgSDAnLkxrXc
441,bc1qg9xdry8w2fyllcmuvdq2a3hrkr8wrqcp3h9nfd
442,1MfyQgUeAGCZ9nESFQ57xGKSqj8G69brsy
443,3LGtr5Sxm331hq9cnekT6e4xPjhrJiY7LJ
444,1CZdDVQP6RpJoCxDNxzAWhWLeMhfrxJyey
445,bc1q9gjkazyexchmw6zwy9qgdazlhtvkhr0skmc93a
446,15g3VnqUAaqEFomx8WWgDERaooQ5FiCA9x
447,17SMVc49hwy6nQzwmkdr4AqHzsi7McBsXH
448,3DuNrCKQYM4EQ4pyRgrp3uu4eKenRjE9su
449,1FJRuLRS73hipZvvbEsCqmfCCYrjjvstc5
450,32Lh2f7eD6GrbTzajMuC8aDTQeyY5TKgBP
451,bc1q4ndn57ea7reukavs8f0se74dmlhfwzswcc0e3h
452,3CDWzycLsWqXwC5khUks4NDMvnS4sSYYE4
453,bc1q0ents9wu8cyrw02qgr6ecvpmvefuh96u38yxku
454,1Jren5jitfP8V7Trm7s5ReMRKNnUp7Vcuu
455,3JCW1qdArvSUWP3Dh65eVK5DSDSfpAgPkg
456,1KAfZ5U1RnPyA7pLDg28zAV9EQB271aCNh
457,bc1qz8dkg9k0436upyxgenyw4n0mldq5af084zs300
458,1Ayx7RBxUpbvoYKLc3NhjXbJphKxNq4jGX
459,bc1q4pjylr68lfy3cw4g4qy77d5rpa7ngeyzafk3j0
460,13RnfvusWoTCdQ8SxPwRugcKbycbpfwCt9
461,bc1qp0nlqne6acwrd45hkdz6v798xg2mahy6zq7zq0
462,3GAqhMPmEomRv7Sji9qMfE2SpoFEimXq7E
463,35YzCeDky1i2N8NTbZFtCm3sqhVCWXRXzW
464,3JQYLjiDRhWRruDXfhWuzm7YshL2XfzbGz
465,1FXdRCHAB8zKwzmuJjZVsq3ZrMW8xnAG9b
466,bc1qjhpud6yuhsv5jqv7xkerpw3nj07kgk7fj6xelj
467,33cmVEpJnRgyaDwJmKqkjJ4DDkBAkyJqmj
468,bc1qu8m2ayhxet4kufaerm9d4qupuud6f88t4fkz7h
469,18pbdTJSv5yfgrcgbrakM8y6m3tS3eAQhx
470,1BJpnb9FCty5vUHqkmgLBU4aK7kHz4j35j
471,bc1qy74lxcr47h8qdpt05cerq2jzp0zjkrh7tjnw4j
472,1EEwK1pRAtf4eQf9e6Y9Vq2dRtMJMxXy9r
473,18teEXsdNQfDYYKsxwyzwHTfCuAbRNhxPz
474,3DZ7e2NkgUbLvDmDUp2mxWZCbpx3yZGdrh
475,1DSQzUWgCUsxbDanG56Y6Q8Ru6xtAE2MqY
476,1CFJRirTtdywgQ37WWLyCSqo4EES1Vd6r4
477,bc1q7ncvckklvrjsrx90cls4cttt7gzlygsxgtxtl3
478,1PM58ni72CCdHrmrKWzkUV8drPcKCmiuXp
479,bc1qx780wt8ayltvkxj2hn24cww397t76n9l6nsv0w
480,18UQgaPVkU69ZLN4c4pYwHnZFNUmuw1jxy
481,bc1qgxt4rcjdzjwc8v7ne7xw0gpswkq9ptlxlfggvj
482,1F6y1NK9s65Rvb9ios8TC5gNRBp6V5sECQ
483,1JM5Cndyd4tHC6yACTjmp71acGWJcoTt9X
484,1FMV2HXv3rS1V5aCCnGog4LabaqMYMHBRR
485,bc1qvmecc55zya8zv3es5gktk9y2z3pxv029xtjvlp
486,39zQLFwtEiz2RZFUHTUyi4xu3UwYHXk3Pn
487,bc1qm24guyh0lp0hh3v9q5ylzqr5qhztzx2huvxtez
488,1AwwGBZJ8cWYspa4gDj4FQYUtJpAFKTXp1
489,13gwr47LVaHJWzAiWb2qTJporQ2rwqBmVR
490,1BP7K2WitBKaYvf8qW3UitASKUWSj44FqK
491,1HajTJDBZTn97dwzSxuHEwvC3fdvWX6at4
492,1J2Y68rVSQ8cPungdYTmvaXEDjVXsuvLj6
493,19KehMZF1n55nBMvPbXkceGeFSAETVzrz4
494,3GZ3Z1T9EhoyCmtCbmJNFhv8sMp8VgdxcZ
495,17T7StYTiTRTdhWFgJkG49kqsc96GgzmDy
496,3HtLJZrQyrMRispxKUP9QdqLEWuWCoLqgN
497,1KW8JyMLJ8bhT8fMUKhdMAGMGbMaTUNHkV
498,bc1qwvngx2cfdk33qxujx9e6gla3tr8kfqqxg49tcr
499,3LT9sUQLNsKSv2aK7rK2zc1qphqfV7Xqrr
500,1JBMP2mWMQMC2HBXUwuWjfqEPbAmWma3k2
501,bc1qzrg3h8whde7e5w47krzzac3h4hwut9hnkvjxed
502,34qvqWFhpzukUXbpTwbqjwKKjJo1miZ5Ao
503,bc1q4hpa0ve894py0k567rfxrj4phh3yf3lg60qhtr
504,1D88hGEmT6zcNNA9aXxNHceqhXchUgT3Ej
505,3B4xuXR3poqxiBP8yVYBJc2PkCwnabXLeW
506,34qYK4QWc2cWxbeP4Sb2M7UZDSSyr2noGJ
507,bc1q0s5erzksu3c67yhp30pjyfd677rzghkpaumghf
508,19CBKhLUwgHTeUW5Mc7mitAaJFBAWZepCd
509,1Jke2GuvZPpFttu3T8jQiXfygVEeNsiyAE
510,17uzypgQVs9ZV9KsVPqHM3XM6n4Kdf9mSR
511,3CdriS5YrkG1SgqtuyZge6NWdEVcBUxsmS
512,16S9rqGPDFXWVVU62ry4sFxPLf4vvbGHXo
513,17JCfFMmUciq6uAHak7jLpjTtnhweqhHnz
514,1DJPWjEaVFJAWEkzQhHZQcDboJs3PxPjGm
515,13jgpMjaQjo1ZA3StG3k52JDsas9GymSZ2
516,3Ma39JpAbhhUSpsEApWtAwAAdpCh1EL5Vv
517,bc1qvjedlsjtvtnk856xl3c50fkdsyzj5ntvuen9ks
518,3AVGmchkKWUjmQsBquXWSqw8SYLwz9Mpj6
519,1Akw6VYTnFyLCJXexTHCGZuBSfoi5iYZyb
520,1Gc8Cs4YNGdBDYs6uVASMyg6mGsXq65E7r
521,12JxcPM3APTqaiVwySgzuLVPKfHGoKzKAc
522,17AtzQDymRoqGxpJrYTWi9ghC1aRWy53zS
523,1HfyC694kFvZPsFs3uwTgBXpvP2Fs7daex
524,bc1q40wujcv2v5a8mqrm5d5f0yem67em05w0wxnnxq
525,3MPfX6AP9ZJZFido6HaQFqT3Ks44eCqU25
526,bc1qnw8twhl4l2lhylymjjt49x7e9uu248le2hzerj
527,bc1q9qd5e4tyd4kfnxwq33mr9t79hxva3wv8e4h7a3
528,bc1qx3h587r6kx7addx0yla9crxmvu0ljg5e06yggp
529,bc1qjnmxjpwy2cd7p4c6ksxu0ekpp93zsaquafal5l
530,bc1q56lwh8ynpcawn9rrurjdw7vcg7mr0taxrs0quc
531,1BmWBURqXJnGZ9GqGXWpmNedmCPGcyPeRB
532,3GLwP4Swcu6cRNyq2MgcvfX8V5P3FKCq4u
533,bc1qtt2wntjpuprjklsc6989nw3rn4x7re3zhvutrt
534,bc1q08u3j3sdvt4gzaa05xmlg49kyq9yx8kuj6gexe
535,17t35UWXhcm66sjn32G34LBrCpb9f1aYKb
536,3CgmxR3YibyssBLur7Q2CtMkM6R9KnruCd
537,36JdbhMosgYtEKqEo7vkmDkXFbQ52BCEuf
538,bc1qmja7025q3dfhad2vq7dygu628t78fh434sn7uj
539,bc1qaz7c42c3ek87k57yfpmkpwgnphaukw7c4tvgct
540,34GgwgXw7qddEhJLUqGW3droDJ6si8PprD
541,bc1qfkq4w4tqhaa7l3sumjkxsd4few65jp9snyzc5a
542,13MmyrAKeR1iY35jxhzNeYez4h81LG3gLn
543,1PauXJpXrhGCcyZpsGwYEfL7vtQiN7D8iq
544,17K7ffhsgv6obBiKxSgWdXTRUUKaMTPEGu
545,1MkDjv8p4am6T34W3YAQoHS7cWPMbzpycU
546,3P84HzvDd75teLSwfqbeUu71QFFmkyQ11g
547,bc1qv88xzhjnwakvn0ptyt9yscxhg6ue79xwch8dzy
548,1E8VfzD79iHbeYYVSKWXRSQUheYcn14Lmj
549,bc1q6059nj36hlt7xc7wtz2c0r4uej7yxxc6wgvjxv
550,1C5ZwJ2yNdEPMt4kfexHP9XbkSurt6AzqA
551,13PdUSfJyHCU4QJFtq1rBWS9iFXLA9enBH
552,14CaBaeVEBujzteeznZCxKbFeHyf7j3cy2
553,1DMWCWdMaJXYZ6p7Tq2FK9FhG6qK7NWNJq
554,18Qbhz1JSCdBGhHgkJCFFJefTxmh63VacW
555,13dzrx4mD4ovco7Uw3fg2nd76MwxJkdxEz
556,3Q4MjTKvScTWwpd87sXBTusAHeT4LLexhj
557,1GYkFids6n7TtT397nn4JKhvGLf4jY6Pxb
558,bc1qk02sx270nhts7wd8uzewnc6y4lxxulwanvr7lk
559,15TU1VioEG4n7XQL5x8kCjLukh9dhJ6Rc3
560,1GBaBogYveeiVHEKims4PtqGvHeDXpymqf
561,bc1qn2qndufwjr338xfmndadxwymsufe25u05nsnjq
562,3FbzghxudkgTk59Jo6pNtWu5asr2zbhd9n
563,1Am4wiuyjess4jjFuRjTh1GaRQQHovqofn
564,1Etd4MjdBAsZcAH91hv3GCZiZSn7ojGZL8
565,bc1q7ggu3sltw4wewk9ge5h0j947muc4a3chgd5v8w
566,13AQ8xFsLa9kKaHmPLbLrDCmk5oZ3Nxajo
567,3D2hz2jombkaiNQJxca5SXL1dJntGBbevQ
568,bc1qwpxzuc8q4czyxgfry7klnrnq7zckrt6l4vw6tz
569,3FsBAr65hoE7wNtSQ2t5v6tTwJtWbt7AHw
570,bc1qt3z89gu2tz5zv288ts5csaa3zdl4tzm3yny04k
571,33tvuTJCPLKveKKuZTnRgEbCGqkqXDsm9R
572,bc1qerxzz0sd2t9nmwfq5awp9n9p7wnd5raraf5rvz
573,bc1qx2ur3uwz6nft6hz9932x8n8j94dtv6ea3pukl0
574,1F5Cz82zUgHHBzX6jyLdbpYDvbNn5XLJwA
575,19Nb7AfSPpVEbMj23sV6T7iMC6bfUWww2G
576,3P6T5EEftUqYSBQkftLdLqpCY4sJ64Ky7p
577,bc1qteejl8rczg8vrgkmltwuzrpzw5g9y0w9s2zrtu
578,bc1q08zczde4sjqynwg72k2yf9ed5vp2m89aknre6y
579,1Jv8MvBBr88irUks742jXq43sgmUJgLpT3
580,3Ne5EjTsmojNcZeExnHMzxo79VNvnB6oF9
581,1Fqj6CrusrajkJLuyYBJxNcmszWjaWWs4b
582,bc1qu04ej3qqgzef30ysdf72t7ansyy8z5qn5f08kq
583,1GqP1E8jrzDzpBroHyc9fNPPjQt1vjFqHH
584,bc1qg5sur4sv9qm8ls9qh20cgvmm9x4vnqqgk4m675
585,1KMSS9QJKv8sbZAKhu4R6u2qL8agCzefKn
586,1P75wCePw8jTRypYQxpcmM37JuqmomX9s3
587,1GJnySAfX3V7WgNjiqC2bCSroiWpeCBbRT
588,1157rwK11K2MRRCfHkbdCVhgznM3Pe3Q8T
589,1Hzbs6gwsjwYHZzw8V7BmBZGgfwua2qXuz
590,bc1qz294p2ztgjet8pun2tn0htz7z58fat69zjtux3
591,17GCDctqTXhVAbvbSc3UecWTztxyhk2Ub8
592,34CqxGMbxZCS5qoJKSMq9uFjfuhWPwxruZ
593,14dAMJ32LGzZh49MZBTjLad4fLCCfnYL1o
594,bc1qpu2tpn4y97rj3dqxgtflqp3ju0rkf2ks4q0p86
595,bc1q4efc7qkeevqfp5c4sy087ffrs09y0q22vj5t9n
596,3KVn6g7NAjDJ4ywcUrySWzbhUZc9v6HKTe
597,bc1q3y9l3q5vaaa0jp3nerjmd6ktal268zegfrejfp
598,bc1q7n6tukvqsc3nkuns37r9vpne4ntfvuv0wvhmjf
599,bc1qsra7lwktpr2tgzurwhjqluq8m2shguwpmg60lj
600,1D55sy74n3zeS1ZGBv24GqoTMBPz2nURsw
601,bc1q88f39fvetvmtgcujlw42kaz9uld8a8mwvaernx
602,bc1q8zwu3l03u6mpz75wg4chzhjzre7cm0jl85hvjl
603,3NY1CzYZ7nGV6GHz5NnhVLfTAdtUvZcg6V
604,bc1qrepmlrpumn4aqlvfya5xll50kmc87l7s0qks6m
605,15J6TvkUYLHfgGc6P9PHDHaR2hDR4qyMZZ
606,31iVnoxzQ3pCCDvU6T7iQW9LUDLgrybpgn
607,3K5iNajeQ9PzjiTMbP9HDV5iKd1nV3FJMR
608,bc1qktscuus9ws2llx9wu044g4kdj45dxlnm2jdrgx
609,34yGGsf94wFNbYJSsJGj6QMhodheHCVfQd
610,38bxmkDt6m8ZpXi6M9zghMBudhrAWVn8U3
611,13hdea6ppaz7abWCTzskP3iyYVfgDS8t9u
612,16rPeDxeAKZrShto7HE1FvBvdU3y8tSvPo
613,1BzxJgjFefJUtv9kAhcu6xiytjuyorVD2F
614,15pKRvggSoVNwTVQSc97UypBc6dUCrEmp7
615,137YR7KUTmwmtdizHKzKSsbXn87xcUTJyJ
616,3BkjQqNK4DWsjxVLTBxUYRJBsVcDSQXzkp
617,bc1qmexgc6sausnmvj7724ma3hxaxmn8r3vktqsxe0mef26pcyl9dzvqf9ahz8
618,1DFkLCz8tFnEdBNAxV6CteNQGggnF8d5TH
619,1NrXzh3U6GeDCHqHvDQdwP6EkiEG8oVXnz
620,1Bx7zjXQjKh8NxrPpFXZ3kAoKxGDNukviz
621,189muDQftA1P3kLhaug6VU8uPV9geS6bER
622,38VGBqALLHHQvWeDUvfrhRpjp2U6kHHHS5
623,38sAPT5CCbfAoAgWHnUiz8nj5uY8hUikjS
624,3C1SaEhCwCN7jt3u1N27ojvkuiKPXZte5o
625,1BRgLrViRGGQkLGj72tQ4CQEyGv7kzRsfC
626,bc1qchkuzkr5dhqej6ye9lzst2hlq80g569njrytjn
627,1N6cnjX48nosuDuxCr7Hw899Ms2XmvdvDZ
628,3QUy1JQsFG3bR27Bbj8R6jxAfQjZz8ppvd
629,bc1qah2e28p84emc72nlksz9w2qqe7t00alp0td43y
630,18ue3QTueA1Jq34VvhKaDf4qi9rX94t1g3
631,17YSaDt1VwL7XZ2BHFL1GAhoaG5Mmqygrk
632,bc1qsrv2gsx0enk289eyj0k9r59r0x7mmdym4ar9v6
633,358VvTQrofiit1pEtnqLZxupts6Kcv37f9
634,bc1qccgmlsjsnp9xnnh7d9jyfqz7hxgezkgdxkhejc
635,bc1qdwz6hc2hyznjx3a5086h4f2vncpvwvp8s9qts4
636,3AKq26pGXueGaM5GeRP7gZQ86Ywfm6vNdM
637,bc1q6pyx2fk4r6s8q4l46pm83re2t2hqf3jef49zpp
638,1L7TNT1M1eJtPnJdi33LVYpNhK7GByDC5H
639,32LBRjaVgnCVFvGiUUF4W6rtN3AAT93eqS
640,bc1qq90ursmk8rw92mng4kyalcjldcvjazmvhrlnjx
641,3F6iYVAmxHcNDA8uHfdN5oTUsQiRHg1jvJ
642,bc1qjj75k72tmkkwm33qw8shd5pnzu2fyz87st8exa
643,bc1q57eee4hqjmfnefynrk3mgk48ctw3q5yc4quaat
644,1D4fn7kPbyEDT45Q2bzuTtvZnbcR55mDUo
645,1GF7LRDjBLKRq7AvxiuS5pCXzeGMQdNUJ4
646,bc1qtrh84u69madd075y497sm5d56maqax4r5yky8t
647,bc1ql9jd9k5a0avmr8nvgs0fmsj47wtem76faq78ta
648,1NWbfabHx2GDeBe5RN8ywS2SJfM8Q43WdS
649,bc1qwvj0kwxmqe9qyhvjfpxlnfn39r9ys7dfryf86j
650,129yNZ95xBq5haoxjqFMf4T74SeuhFH7At
651,39VgUbmXaVSaUYkEnuRfUi1cwJBWEkEeLa
652,367us6FpKMbk4935vqXxqikSdb9Ffq6jju
653,bc1qrvvvsnkl44pjsp8gsqsgsm5xn0r4n5mzxf4c4e
654,3NPRr3ZSW6Bbfn2LfM7RJb3HtnSdBZJTWH
655,bc1qsk0kj0xkrg22hwcfzhk2s2z3ge833lvycm5dk9
656,18ruBj3gF4xDgmDePGnFZDUQ5EEqx2r9zx
657,bc1qtrp5druyd9ach65h4wvkyr3qrvjjdljz7y4jun
658,bc1qezu42c7z7ld4xcun8tzwuahz83chnz624ldd9y
659,1GBQ5XTzwsbBdoyZDxsB8sBYc92vrPMLr9
660,3HKGugVKYnXifMgzcE2a5a92nNzqHDs4cN
661,bc1qjs058a06efwm04d22zawcca05hpumhvj6tkzyu
662,bc1q6daqyw3497a9paghfd8y4xaruwcmvzztqlhm5p
663,1BKNufShEXV2Z2kfLcNcYMCLWcGC2farxP
664,3H6yW5YMDnkPySM1VERRwQYvGvgJ8oumuJ
665,1MxLrouFRt1ZZqE5kxaoHT4SGFHGW6fVLi
666,bc1qsere4hhkrd9xj4fx64k975y7c2lhd5hfwunm9h
667,bc1qh8fztzmta9xvvhy2mue0kg8dvuphm4yt2wxegw
668,37FtvKBmMwb919HHALeVzLBxJcsRzdFtzZ
669,12pjNFgjod9jVcAeGvgcQDhsUt85Q4eGtN
670,374BCzVa3qJwd9X5Q3TkQsCPbnkb5AkRPp
671,3E1pak81XCXLYhGihhCz57oGUZksRq73Ms
672,1BLqzSMStKAA8bT8eYE32Z96bpwoJBT9R
673,3EgN6a8cYVv53yT6vZB7MnzAQ6L8VK8RT6
674,18pA8o4xaEXsAfo9ncfFMcSdkZUCxnNfXP
675,bc1qtw4y5p0s5daxgd69v0mk78tanahltty8cgvkpa
676,1WgbsJD14yt9iBZsM7XZVTigHSZPcrn6g
677,bc1qys4vfe72esl02y5gfltvv602fxdwce6c82c0jh
678,14LvsNGeTotX6gKphmYuQR2CSA4dxWpYW7
679,bc1qlfgtj4mnmdnvm7rsdskc28t4ycn9uxvzwqxdg7
680,16zaHXSJ4uWWdEFubUZWbcAAxvY9bvj46q
681,bc1q8p3pkf9ymz45hw05c26wcccuv7tqnjwfq7rxtm
682,1FzotPhn9QqhNXAyqYxRkfgRx3dxMXBUc1
683,17ZN9XPrCh4KFqhe5vYE1RgcBaPdKmcSwC
684,3MP92aUnPzDFtvcbE7F9R7a9MUAmvwUHxN
685,bc1qv4ckdxmtagvthkyprxnwwd343essr2qhmu4gqe
686,bc1q4wfhd0jd5qespz4fsn4psqstyjm8xf8mtp0slc
687,1Ahod7ZSgJw31jxRz7vnSxvCmYS8ySWdNe
688,1GBjVQZvKMLRwoyWoZZHAVna9dDJsP5QPi
689,3DAU9nPHSzeqw5Fg2S48FPwpw732B9BoW4
690,bc1qw6xfh9w047mpryq5r28d698ufu0wy7mc9rqkd4
691,34z4NVScRTXDiaJYYvBvF6jDYd3PhqgwK2
692,1BrC7oYr4hHuLSRKf69MJXwL1LWpk1wqkp
693,3F3GNW9nzmmYhQy1FHNmJdVYsnY2U4y247
694,3B3v9T6pWtyGtz5MCZ5eTxDGqFCbWuhJKo
695,388PuRrUQ74nTq399pbRfH2YQAnvFujuUw
696,1CyUnf8iHmu8kcHaAQnWfLduPTggDvVM4t
697,1A2Xwh9NqghRWaNq8HVsbTbnTthsrJrrUi
698,bc1qpyk4lqmrejz0pg7lgmtjs9taew625n9upnghzz
699,1MUUanYstPJioC5GdbBTBoUDGhusvq4vjj
700,3LjVFYknboUoiqMNQ1wKUDWmMpSvj2C3ZU
701,bc1quqr73g7z728q7sfhj0jgsyca9en869dv8js908
702,3DrUCdAqNkUJthre462TXxCp6rgQZ8dBWQ
703,bc1qclh3zw5dp0zvuud9vcrzf50fvu7v46auq0ezpn
704,1PyenTfKat8ctZEzhDwokbr7eSedpiA1Hk
705,bc1qf77qr90kn3zv8td9e00ceynetnqxszj39sj0zy
706,18dKi8NoAMoiqhfmq9tGRyvFuQwXAh4ioy
707,16E4UjAWrYW22td9hqTCbHmrLsMo6Ev2Ry
708,1AB6e2mUYWaBbmvtzazLwb79EUwBWqqaWu
709,19ufXMXSxHyMrF46PSPqBB2rH54RburNp7
710,1CXeM3JMF6m46BYSkSWmapbsrx97fVETfJ
711,3JYopVtkWqQkugnLpTXTh2pKMrKfshoiMs
712,3PDqqvy6RkThzoUb6ZVQZ9K5gPksTaNMEy
713,1MKCLaxTJMCVGRDcuHmymtUNXiT1NtAuiD
714,18fxgm7eqVxNPkdvu2cG27shT9mhLMcES
715,1N5r2dPyvVr8aP8UfqvtWTUU2SU4ZBdLQt
716,bc1q9z3ujv0h4lr3mu2luvddg8vhqezktadgukmt9x
717,3H4mWfF5Qt5yJj9rzMSY4HMJsTasFmngkr
718,14WqE9NNUYuQwT644Gxm4HP2Dq9QBdyTVh
719,bc1qtc77t50h2gjza67586nn05r2a2yf2dcd3zxpmf
720,1ykJTmAEox8vBdEraUKMjJsPU3N32grT3
721,1Lv59wdzQ8q7xmHkDFBQR7MybMDf5JWiHB
722,3HTNCfXZ2K7Ats9za3XRnmAzKF6ZANaLP9
723,36CsYtACs1Li4NHSMrkANxCm2DKgYrQTxJ
724,1M2LSkZTHyVH19RVK7V4mQpmgvYASVd4Jx
725,1ApG7326hDFz82BQDLDyUooLdRR5DuHDrZ
726,1Ei73sfxqxqZPgjWHyGShrW545CNt3mqpZ
727,38j5TfCFB9r8MTVLQtnMuv2uZff8MDG4Xw
728,3F9FmZDGzvraZH5NzUJn3xcjUN9DNt4rYV
729,bc1qw9tap8u597tqrm06f9grvafrcaxl69fsfwyn3y
730,bc1qsdmd45rm56g8k2zjhqhke2svtlcr54kzxg2hl7
731,1L35xjyGahMoupYt562zQfxGhzAR5NSMG5
732,3EJjvWz5G3oVcgcWAiqqfy9yEnKWujPrdn
733,1Cc8jB6SbDq5mfkGAz7g4Rmj5SqqqRatwt
734,3Gnqp133FsiYixhBFhEs8oBkSPqwjpjFjs
735,172Q2pFn2C1mGCVszHka8tnSqdsu6uqU16
736,19Ecc6wgwqCzowpMJc2Hw81YLpAhzhJWFV
737,113nyAG3YGzSnFSoon46ebNcYxXKUvxriG
738,3AjrVDLBF2vRNwDrkM3DPkFVgpwEEczhcV
739,33rBNpxnWcmHquMJ3YNaKmV4k9X5PMjpit
740,1LAn4mR9R5Mx59kMwqNe537wD3zyUnJVy7
741,3414KLf6RuWTka3pFkNmR7qHV5NEMFDyiM
742,bc1q7k65w7ww366g77eztnmfu8n7kjx5k24f3fgc50
743,15hcpiga2UhKF4NkHbzVr7LnXMEKz13gLN
744,1ByZwCaLqbnUck4X7jtkxQcCKjtBcEtSvj
745,bc1qfsn4en8pk4q24mpm0drr9p3jwv4jz6wqr2l8t0
746,1LQsnbnsWr9uLo76XWnGTa2SvAb76Fo3oA
747,3Np7a8M2aPSmRQxGoDNqtD6C2HrZmd4zj4
748,bc1q9rne522s8hhdua5hz9dhz5vem30mltny5z0rfl
749,1FyGgQPsUZysNZh3J7yvnRFkNZScGhRh5X
750,1H4pGieMsFMLUx1c3XPf1EuGHbMkhMWVfp
751,14BLhDwFWHSznMZ4jJMCZaq8bLULgMJ6jg
752,1KTdcdvj9pYDKzQ3j2q7K47jpe6ugdxDXu
753,bc1qq5yrm5t8dtmuj5ae2x9dhdqg2xjalm28qv7vvq
754,1NgTphzsBVYJN6qf4uvneLbiJxa616FU2W
755,1Bc1MdA3nxCndvVYp1Y4rLWrbU4rGhaBqJ
756,127Kom6y8NaUabx5gvsrZrf6s9jfmzujgY
757,bc1q3ykgzrx9p7wjpslnv334xknydd6qdt0rmya72h
758,34HNkbiJvdtJWfiBei2Q2RpKb3Z5aQXQ7S
759,bc1q3npwt07xttjsr8cfdxye6phcfvjqkw2gr0ah83
760,1NSneQ51QhP6uWhQntc93y6259bnsNfqrz
761,1Kx5YLxQeEMeoVU7uQxWdA98EjyX5e1z7J
762,3QEFgGmZYcY9RSnHhSo2rYF7EKTVzHzxWt
763,15eJi1EKTPpaMV6sHx4789ZhwxdXG1FQp9
764,15f2R1L8Dxp3t549WYd4vM1uz3qy4JmA9W
765,bc1qfvqaul2fmhcgy0ur996hkpra4qg7cegta50mks
766,1N4w4xL2L7wJKQzo9rnNMTf9Bvz6HJGrBz
767,3EfDW7PvoboxpTa9sYQbGQnkufmaopUw78
768,15yTYshEMWmevm6GjVLiGd6M9ry4sMfZWV
769,1Bqv6PqC9CTBNsoc2LF28CnaYyuaZMNcPL
770,1LuxtPkwatmmNZx5EfHDpsBSQPyBLHqijH
771,1KgetDTYQ3WN4ayemYuqAGggbHpPVAD1No
772,13efbuYGUvYfGUhtaAHj4jyUBhmjx175Zy
773,1AAFjZ8Wh8iANJnG2eBTXqpddioC23mxAh
774,19xyj73rDWYGkgvEAcQnGo2xywvrKQTCWY
775,3JoES7wLdkCFz5pVvHA6siBZ96PShoHDg8
776,14U36a7M26jUPsJSfhUwSS3gyYGHTmA4d2
777,1754yTCCpeLFsWetJf4v9Vm5tg5UeScpEY
778,3NTRgdmGNev3CwCfWWnzhhVUKwnN9bPdm6
779,3Pc7d9LS47BsEhs8E2UbdipB9uMoGeKuH7
780,16wcLoDzYHCmB9MCkwQVAxqyLYSEco24xH
781,bc1qx0q38mhcp9k8c2a6sptmwvp24vnq56qel4zy8f
782,bc1qd2s9lft39yu88r9xw37wrurxzwr9nj0mfsdwjl
783,bc1q8ane2l5mswjst5p5nh3e4sahnteg5ules68qww
784,18yrEW6fDhGsWUvsoTC7PJdn6CrmQkCK29
785,3LRBXzSjtSGVUG2BsaK8LaX7SzZnABt6ZK
786,3Lz1nA8nxCfmvtdDF2X2m5R5TRL7uHzUL6
787,bc1qst4xt4kuraculce89rp76gekc2dq4ntxv05u3t
788,bc1qn69kskg78wqaw020dlku2sxm2tccdh0pl8p6rx
789,bc1qa5t5pfduz9f459dxmpj6ghwaf34q73mucce9kj
790,3Ccx4GwmEYMBgsuBDwGpF6EoMNtyNr9Kaz
791,bc1q3dgc6yjd47qt4xs4u74qf530539vj7xn4f4347
792,1b1tk7EEgPgmmDca1ppgcm4ETmMHfZd2Q
793,148jSb7unwo3v7qreSJy4iSd32FV2CW8Qf
794,1132z1EdTNZ2xExdVp1dF3bM1iZyg7K71P
795,bc1qhjs3lazqcft0twqjlhy2ap57d2su0qsxkj60ej
796,1FvRC5SnuFkhoy7hXkvqDvNvn5RARVfwGQ
797,3QWfs2PzX8PVmf52A5LGEwzjR59ZHrbw4Y
798,1FfrWZwM2aV7Kjo3kVZQmCey1JjrWBbqWG
799,1ouLWhiBwEzjP54bNFdxqCX6WyrRUK6Ws
800,1PDKtNUg7PAdY4wddPY6cm8bKwxTCZ6nbW
801,1Cix6MugdKnAjKRsf6CzxohAzcK9mcc1Bd
802,3E7mRMSsZqX3htVFF7pJy7m7rZSLDC3hHt
803,1JSwjeqHts5sLrjAraDQQ571CeHcsm9KpT
804,1NXoWT2uGxZu363RWw5zRR6TnwusKERbGX
805,bc1q9552079xn22c4yzlvjwvdua8433vmlj9q2du66
806,3G92DWmF3rtdjoDDrFGzRmWFVcrHYH6VNA
807,bc1q94pqjmw5c63dscek2edwfks4x3g8qc0anhqu4c
808,197QUg4EGzh1RK1D2c3gXnRbobJT98ULV7
809,1FrnQQdDgWXrZnUF3jMrrxDzv3f4wBx4Zb
810,12YTrdj4aVgpbCZgWreaoVmMGCw8gKRuCG
811,17KY1cQjKzo5kLeoJ3rmLqrd6o7i1gX8fe
812,1969FxfxVBeLLVLU798Rjtxdhhh79xaVTS
813,1GRktqA8n3VmTCZvaAiA3Xr5eihvzCvKMC
814,3Ed5XfpnjqjiAhSgJqVKoyLDyvuPKy76Mt
815,3GqK66SBiw1ALaFn3bxCx9jWPNSEuUuahw
816,1PzRYTmTP6ZQ6CYCaWTv56KXA5iJAGSXAX
817,bc1qn72qwy0gyu6nm6dz4vm08cuxlwdrrmzv6knjg0
818,15njgLLtmYJ3wCjpfXo5JHuWKKz2bPZCkb
819,14vxqWNZi48wvDn8tjz1ebd7QxJFuCTGtY
820,1L5N1AWYrEw675ESFo5HUnorVGjaVfqfxs
821,18aGiKoD7hRtW7ChsGJTdb6quMKthzx6gt
822,bc1qhrm49zvz5ttk7lzdh65f79wc6590yy3lgd6mfr
823,bc1qgy5mftrzn9zr8yud96z0rncpxkugsaasld83a3
824,1NR5MCwEjs6ymxkDJfCEC4zp9knxP792FW
825,1N7o6eX1ekDpYLV9JoUfkc4UsjTg7UeJyT
826,3GCmTgJCXW1wjTJ8jK2gDvdoTaU989pJ8j
827,3Cb1dW4VcmgGSJtQUbBisDNLi23pDBPxeH
828,1PoSCqy2xhC2s59Fo1CJCL4sXhCAi873s2
829,1NDLGufXvAx94pGShNT4FuNLkxvPSUHPqh
830,1GFfJstYqgRTsjM9H8s8ZmBvVpWw5FT6XR
831,324mPrkM6st3sgKkxJBNDk2PKcCa7ApcpY
832,1Et2mYxXKPKcNoQ3LZmtFMMeMrC7vDhz5Q
833,bc1qymkk5jg9ll3gfk2f6a33kzfssvh6az9g3c39a8
834,bc1qtn36klz0klx640gz933prpdtr5nq968hs42g8f
835,17Yz4ChJWidyRJ8mW7caJ9SoLxb3t9qxgt
836,bc1qk3prhsf32hnqk30jm80jrs3wtevty36e552w7q
837,bc1q2luga6j8gvypczj9qz2es6en2h4rrlfxq962a6
838,bc1qf9gfg524kwg8jg8ez0agtly932se7uclhywj6e
839,bc1qdjytrlx2pfwkanknwjql9d3hmxg3775zv77a2p
840,bc1qfmfzkykx60p7meumj7pp4an0mf4je2z40tqktx
841,3Bu3NVVtvJZ8gK3jAAep4Bkm8DZcGgPRYP
842,1FZ4rkJjgZvMJ4qsajz82Dqsud2HWz14P2
843,39hJw9WUDmwGJFt8uKr7yXNkKfwoTv8FHd
844,bc1qs0mqjw5wghcz9vcuauymm0udcrzly2s9eympd8
845,bc1quywf8qemry9j4dms56wnhwcum0ja82y508qyk4
846,192oKMBW38yZrDQf9mYHriazMJKBgdr2PH
847,bc1q78nv4fwhvjhq884j7r0a4yudpd70nrqe3m6r8q
848,bc1qcv4vc4yf3avu7ve2ulap7cxkla7cg8rzmtwktd
849,bc1qc7pml6kz538s9t4wpem23gcwy3jspkx8dav6fw
850,1FaLvSxvGNWHe3P5Jf5V2MfFjAiFEcxxqE
851,bc1qpuu7ufsy6mpgxqnp3xq0p9qnpft9e3fteddupd
852,3JfY83bqanU2B1KPzn9B7ViGDZd3ARvp28
853,12oUkxFQkob9QxoTGVusNcjXVdoMFdeLDz
854,1J2hP2sAGCT6q5fN7Ge4vMVXA5epSRJJE
855,1LiWoFMjctmqBE2JfxnRxNPhLQdBPxb2ZR
856,bc1qzjacmu0xpdkgeyxtt9m7fl57805axk80z22hau
857,bc1q9rtwx3dgsjuwz4n25qkjflkp67mqkflcqh75t3
858,3LDrZTfLiSw4q8wjrMCKkVGgtrTp1rfSXr
859,bc1q44jk9ua39h0cswng9mxzze4j9mt5w09rr7rr8u
860,3B7iyZYoeyv2QdMZLoFQaMhxL5yN8zU7Us
861,3BC56W7uKW7qosQ2L7pP2BPyx34JBauT4Y
862,1EPzMk6E9T5GRu5TYUVosuYWzu15JbbgrX
863,3GYUYmaAUJmMFA9GVGP3B4MkkSHHFnw5KA
864,1JdCxhWyEh6gzNEvg1XWLQBPJyKcbeCWKZ
865,bc1qxa5laeepkrw8hrtkk20n73c5r5kwd33flysxvq
866,3QmTsGAak7R6kGmvi1LpgAKgaPTSq8nggJ
867,1CaVdcMRegu4t8JohdWJFYEF4K7xUponXN
868,16jbN17EKD62tJdWxSe6UvtSPAGin5k6ak
869,bc1qhvsme5wyr4un7ucw3nvra2hy98596hpkd6ceax
870,bc1qsugungwl6gfdun89wm83h0al3t0qwesym8zku0
871,bc1q665q8t55ec6c62q3dkdql2gc5fre9p2dva6z7c
872,339861YMpTbDGWyLpohoSPdpbK2knoJQdi
873,1PWDcLC6BymNbSUhUg9CGrDbd5SPeKrELm
874,bc1q9gzzd5wwefqdvs04sa0cvutf8ddsa8tz3fvacf
875,1Bt4aDW1vF4yyAko9YvC94npspbC1XABZb
876,16Fwf4DHqj1XWMAg2jkWZe6hLb5AXkdZ9V
877,bc1q2fdx2mpnch4yplxprknuz6sw48zz7xrcamm7x5
878,3PDiLQwQUrhav84f5d4Us9QY1LMSL7p5ra
879,19eGoGjjpEZR4vDN7cHpiudQP872RGEJg5
880,39vLKwBww9oU4vbmEXcbqF3CkzcTSSkrGm
881,bc1qv9g6xqcerjajytz280z8h8rz5t6spyyr4lf88s
882,bc1qklzvwlm0pacypyv4wcrndn2020s5xq88wcm674
883,1DKvf67iq94mHQfK245semKLm3eo96ppmU
884,bc1qfn8wlwwsh0hn0u0y0nn0km3vfa96f7yv2v2gjz
885,3NQ4Fe4tKe76yPscwFqu87YBYZbMEvty6z
886,38FU9MYLYAPSXgw4MYHafa3g7jz9dLT2Td
887,1Nwd8cgP6vr3ghefUvvj4MZcuAXapUFpCt
888,bc1qrkay5fd52lvg6d6sjrgajw8r8qc7vhvuz3hcq0
889,15MRWrk5NKdhxWDbzeQ7gFEZ7obsfzCTTu
890,bc1qmstwpcyj2g6k0ze35ma54tftkuderz8xux584v
891,38yba3snKA4KLUqfo5Dw82DA47quepWbS1
892,bc1q057cljl4jxlrcep7j5sx2udlvffhv0e8mgsrcc
893,1HrUUoZCHA34PE4z8MVyKxhvG1BswudTAq
894,14bDotxPKUDR3LWkx7kq8Ks1ot6EKrfvuk
895,bc1q7wsgscspct2cp3qpczz0mddr6yjl2m9q3pvz8g
896,34k7bdVUmtetJFmT2KuCPiqscPUPWjQrxK
897,1BvRiQkHT7efmzQdByzBYnq65smcuK9a5k
898,1JV7815V3ToiXbwWHyfoycQy4YqD4uTfJc
899,1H9iLLweujcFhnW9LByMJa3n3d4jk5nGT3
900,3DGtYnqKAgq5W4RrYWNGanajyDecX1cvhL
901,bc1qpxletlq0k6237k9pa82s895mj8j9lq4aulhu6d
902,12xMLwnYQRsTVjdmSAvTUE1TbH9VsXXTdy
903,3P8UA68KBGRFH6xQUwoiYLgBaeyXfts6Pv
904,1CnxfbxZEtQvLtWQdXthxofNPsedug5YBz
905,1G6eBcA9dPymZ5PZH7RCGas592xbrw8dSw
906,1CBnSgHsLaVYZGzwfVcy9Ay2t9GBbQZsNw
907,1Md8hrFhHsMGvqgcGzJVQsvUagPjNvTy5V
908,12maYBGkhfxpHoEu3iVcnSrjYZ96tvPUQu
909,bc1q6wspjj5dam0mc3hs2z0lacqy7xqla3rxq6vtks
910,1JcAgUGKZGKpUTsuRMQa2DZkhsLTqtyoNT
911,3FqvtDSsFKjqE8AYrK79XAcP2416kpQ7yM
912,1RHuJEW23jdJdr64nq9A9ZTNA3ZG8Pi4x
913,bc1q8s2893fdf4ctkun58u42rnjk7f0wyz7r9amc22
914,bc1ql7ds0d20rmcvkhf8eqv2qs6xywcs66tca8fl06
915,19VGDJiQHgfqmdu2mYiasynTKtemwoFCLt
916,1CjbMhzw6G5ygXuZDBVCWuwcApj1HTTSpR
917,bc1q2nypv3cxw7mmg2nkzt737whne8vm6fjqhnnke4
918,1BA8HFTUQUxhSGtByp6CMpaZ1LkPrUkG4q
919,34dW8JxQZfE7o2E6XvsRWHfnr15J73XeM5
920,19dr9vBkaabEXDdnr6S64Y3s7keThGLpnY
921,bc1qm2khsxvw576jkke3mzztfndcmsa6vsgz8eh9jv
922,14pvL4BjLL85hMKGqFbwwUSNNSoxTR4RrY
923,1MY5YYHHowswg3L6SBpYqEJGXTggdbNfz6
924,18ZRa7zWvqLoyC85bX8TCiemHeWMPkhWD8
925,3BYhSYxNvBQUxajvPKB9gMmrtJ2a76L41K
926,3FBaaJAxVMdXJFuJv9qGz3XRzeFtnSWvqM
927,1DdRQ15UKxjf1cZ3gYXFpthK9PAzHWBRPc
928,1GkScg8fdwVUWWUGdbt8u9Z7SKdarpvaVY
929,12WdBSh3nYBEgjbHEZkK6repfhnzC76deD
930,1Bza5arTAuGTaRvP8X2zq9PqZ4U8NvLHbh
931,18kKvsK5z9XSYPnPYhpje89iCCY7RHvcZw
932,1Jexkrq4VfvdwkGk1weR3a6u5w9Kik7swc
933,1MNM5NSTZJcM9BwGWAkcYYwg5q9m9VsG6u
934,32bkzCixJXcW9T2XnbeXJbZzBvUSJ93X7B
935,bc1qxpsxa38f9mx5kqcccyrr3s9sey2gv37j9n56h2
936,bc1qr3wtkjshu22jcr609sqvtqn2wus3q5g537rftd
937,19cGse87LCRo76STzSRerxiioLAE2ofdEX
938,1Q12gBrcC2szNVNw2ggzRPFUyfrB4Bo4VD
939,bc1qmk0qy8lxkqc0wy67f2f7fxxqlue039rvkytr6w
940,3821STc9WkjGUBEu55u9J2TNraSkTjztGm
941,1EFKsijHE2WK3Gb3qfUQYK62LBPCXtXcB7
942,1FLMDkBNNRGhUm1XdoPwPLdWBagPu5rjhx
943,16DpTMo2zWM2UcHViYk1GdVAjV9GSPv9iT
944,bc1q9yepxahxdr0dczuf0ncyuztr9r3sy0ndq94g7s
945,1Jvc6Hqx3E7jckKQqmeB3yBgGt9v5cvdTu
946,bc1qsg440lexf63j8gq9x97yw4ppmhe7t09m3dz269
947,13MdVnKkWxWMuC9JPo536Vk5fJf87mdXMa
948,bc1qxajs6k5gp0dmvedfnw0nn75an7sr7ww9z3fm4u
949,1C7cSETs2wMiqMFWpSfKJeVoFyPJyMRzAF
950,1Pd8cHZiR9sN4krccj9dSB6J7k2oCQ2bit
951,1G4drXtfmz3KggumuTmbSrF5CCshGpXwZ5
952,3Gguo4z5dp3cDgN8dgHadDQn96snQWsehX
953,bc1q8m7r38hcp95zckmr3qz8064xflz5vh2wk3yxja
954,bc1qjcsn98cchmtl4cx2g09fqst3xgnwg307r0zaw3
955,3Ags7MaWiftDw5XqWsV2PZhJzSyeGWTyKt
956,36cDaiNJiBSLs766BVhJvgVBcCtZWH3uVp
957,bc1qu0w3sx2uktnw3sktm66qpuvvrw8ky29rvv8kqf
958,148fh3VceRfdbYdcp5nBP4497cviEvv9hq
959,bc1qfh3zthtckse0sjh7gq4w23ppdmmkmnemmg8tpz
960,1L71vUPh9KnVKDawBPozS4tKC2wYRZUdVL
961,bc1q78mzynph6vpdvfhh0a98p9jwmfj2hkvtxgnl4z
962,1EotEAXJN5yKjo2Hhxcw8hPq1cV4KsFQT2
963,1AGvhETeuzTHoEJMdiXqvRZm8X6YfHosWv
964,33XcSKb6yYe7BBdwDurxPZC7gpy6p1Unf7
965,14c61UytqMdE3UHgGDZLzATJwBduiyBXcU
966,3EwCPAmZeRJHTkje4SFqkYA5eMp8jfeAMF
967,39KVwSJiTGy1LQMi6pvVHXPeuThb5YuTZ3
968,bc1qnvhf626jkxfmuyxhyku9f5umq8nmcvs6aftm8f
969,12vwgRnXx1yTRXLwCD33izYx1UBXAUpCm5
970,14j4VhnESoZf3LydTSNQBDgewQcGb4J6d3
971,15bBAaqVwXTaaRPRyGoW12j8X3NydSKMDF
972,1DRM3yyDU6HrJoEPCkmXUFcTADWpzCsXSp
973,1Khw9JKEwiXzxnawHfAkg1rS8ozepUhWd4
974,1MKjBbpUA44Vmfw5n9HBwKTteQMz5aTvVa
975,13x6biETcpoKiE4WLHLnwZrTQc7yJ4bJZ9
976,bc1qulnffpuyejcjm8dxt2n9v2fmgfwnxlss2tvw0d
977,bc1qzyxeevhtv4cy2wtt43kfxkv45u472uhf09cka9
978,bc1q4ttsszuynnh8usa53tm76zjk6wt2ll0245jsev
979,bc1qpu7qme4han27zdk6akehmnx0nx25mgflchhqlf
980,bc1qmj7rjjt3dqv0eq98vqt72zhywa4u77fw5u6u4f
981,bc1q3vql02gxw3ag69ykplatng3kww4gqfjtt6fl8h
982,3NWAUKrAr4YwyZu4SZbEotUa9ECWAjmRcs
983,bc1qqr8lgc25eqzvs7xgrw3t0g94zn0rsm7umxd2dj
984,1AZt7kpjtKNH1baarzvKCnFh8s3w8eufUD
985,3Dejfbn6gxDH1Hp8Mp5n24fqEZoekdtERH
986,3Nmmbfmes5HxUpHT3N3qhiDpT8QwRXGeQ3
987,18JXhk9rwKSf1HHWo496FcbQxryQRhUrMm
988,1F5mJYFq9opw6675cQVoKdLo13Pdoe6VLK
989,bc1q55w40gves4r6cf4t3taz4yv2t49cjq59c7dh0a
990,1CVqoihJo8E7TtE5iDAGzTgiaqHjenHdtV
991,1ELFZoYqtQLSkDcAw1qPuteo2RVfLC5cRF
992,1Nw3wb9NBCcCrHScMMv6q7JMyWNCKpskrS
993,1ES6yLcfuPJrBMBTxy8DBs75PPLS9CmeoM
994,1GJ1hByX5ZwFvVyQti5qmxbbuSnCeitVJy
995,1CqW4GscVWeC5SCLp91YodPb1WwKgPziYv
996,1FJgi9148bKVxjEBPc9iHLG8gJSZeu5KE6
997,1DwEMyLusYSJdceBC8DgcevdrknR1tbaH1
998,3Qpb7FAadQ6FCMQq7ukyKMDkzoyYCYfvA1
999,bc1q5vswhrhk3jk4wkrf9y9x6h02ct9hu93xqunh4m
1000,3CnK1sgJqP4BWiFZYbP78uhf9G9VJkzU9Y
1001,bc1qzc45wn0casnq8kqlrdp5equ6gnamjx7gkhw6hr
1002,189i1pxb3nyDUiJ2txPziUmkMmCKRR1hbK
1003,1QFRaNMDFTPdyvkqGZ7LSviNLDpebAwqJx
1004,35TEgjK22auNFrZYBCqGt9BGotjnNcgVJt
1005,3JeScn3Lsjy49tzQZHDtTt5tsiyJtPjQrM
1006,3E4zCJ5xreJooBst4bWB68JrjeHVXZ8JpG
1007,1Ld8uBT6hjjdCxXQwkyYbf6SjLrLPyEHMd
1008,1HVDAgdCkEbJFJVZpo94nWnUXfzq6dZcyb
1009,39qmUSpN8pXfcb4T152V4kNKePMup5zDHy
1010,36Qx2w8hnfdgM48hwP8DNyQn2uAF9yaf3S
1011,17Zdh1rRCCYevaQuRSjC7SFGgCbgv9jukN
1012,1BcQTa3LP4gLxMnR2MYys4RNKDk1mf7LHY
1013,3QPaK2iZXUTF1eoC8g35zj4C3DvwF8LmeH
1014,1Eb6SmCYhcbQsivEAPGS27RwN6s16yRsvL
1015,1HgxhCfRQaicDqBW831q4uiLCSsicsrwn5
1016,1CqiRcyYXKftUT5QJQLKzu4cgbivkfVwvX
1017,3N5E9ZEq4EdfW9Hc3pt5EqeT6aCFfM2jUA
1018,3An5FY3CTB8ZbCwF83py2uc3YuGXu94zW9
1019,bc1qxhzq0xwdndgezvd345946lq46al7d7sqz0gwku
1020,1Nsjwx4jCJuNr4hCDQ7MgVqrCpdAufVDD1
1021,34SvhQnNNVG1rkaddWk6amSd8mX52BQ1Sb
1022,3KedH7BPa4xHgH7DCp35KyHUuG4dy1xWwA
1023,bc1qf7vpn94cj5ezzykzu7c5zlqnrvt84k3rdehuh8
1024,131YmnTFwi6781dcwn6HkWRectQJYfi1hB
1025,15x5LixLLcZ3ozGUftuQqnnuGcdefeQomD
1026,bc1qdlztggzl0sdyuf863yhgmnhrv9fn5kyzqy6rse
1027,14HDVC3HgiKuatXUiutPL8CQizTzLcpg2H
1028,1J43K415PVewLUUFurhnNCd3tgYm8Rdv7f
1029,3KvrGN2fMdWfnN7uu52PMnk7vq38sm9SWd
1030,1J26HyVnUizQy31CTWG4ky81eX8fgWeYgn
1031,3BK1sN6NThhHi1PAyRZ2j7gc1gMiHQiiGQ
1032,1JTjEwMZQAxvJEk8SDwdEyupTB7sJ5mkqN
1033,3KbkRrtjzJmSZnCCTZUaWASWxwFyoLvRJL
1034,36KdtEtjbhNUqxkfcdTijceAa7q7AxHesz
1035,38m3cKzrKiqgrFrRm9ySgYPrkhrBTtkHS3
1036,bc1qqq8pdrggeam5jqq96udj3wwf4zx0fhf7etuwf7
1037,1XuKJxBbrMZqPKu7pqn29whUXZBfS1BFL
1038,153Yv9ZvpoPNN3rtLE2WwfvRzk8CNyiDDn
1039,19VBgrEmtZy8gbMLpygP14eCr1spo54tw1
1040,34s1YpL5bwAvHaDZyio8DEUYBppuyHceoL
1041,1CFekDopUM7BhNdLqYCZX9QdokTqMVzXko
1042,bc1qd98ah3agrxjh3qxpkght4g97hrzw35tr2xf420
1043,12RkkwUJUyurDWkZZLJ8LFurxp5F4D8cXA
1044,1FZSjcSqPXBj3zfVR7nrii1YXUxV7KMh1y
1045,1LXApDcG2i2mHNMpDF5k7G62KpVXFFeBKR
1046,1GwAD5mhHoUy3esqQCBBgDfJ7tn74Z95fn
1047,34H7vimmSaxFC6XFGa6WuCY7frvrB23dhE
1048,bc1qxyjp4dme8keuw0kd5x690n4nyl23ej2vhslen3
1049,13bP2Q2d89SeDePe8Mi1sH8y2bHT7y2GAg
1050,358Ga8x3FrhVJNkk7Cd45UwVHZkJmU96io
1051,bc1qqskmlhauwemzcnjq2dnarurvvgyfp2eanp9u87
1052,1LBzCYYsa6QwaDSBr37aWpt9eMNf5ojXBv
1053,bc1q4a6exfewsgrut08f7jvcak30cmccynf9ntks7d
1054,1GDzBZGaJHaub4abJXRTrzxjeRFM61LhGA
1055,1K8UXn9T8dVHL1LrfttC5ysM5RFFTPXK46
1056,1Q5fzpgyoDu8sYsFeKaFfz4gFig2R7SLm3
1057,178v3YvfcgT3hfX5WAi62hUMsi5rC159zN
1058,bc1qkj672gxc32nytjluy3qrauqv434xszz4aa4f30
1059,bc1q49rhqs2n640dcz5tr40lmz7ksrdzh60amj7yu393k4psmuc4078qp2cedf
1060,bc1qrmt4ed2xu3u3sq7xc5thv52fpqgcw4lst659vz
1061,bc1q4ggfgrzcfw6srzhtqgmlnmrmr5dqyjjzpwhfnx
1062,14pBX7o4fGWbJgNsB487cQPC9fkJWZiXgf
1063,bc1qdn22k3gwlucrpezytaywjngn9dt4mhfxlfw52r
1064,1CSCKmeAmQYezfYLW9gWFrZH3iMd2Ve6sb
1065,bc1q39r5sxayp2chxdr82tgza2ggjws8hvgaxfga72
1066,1448bpVJ1Mz9KsSoghjwctWrR4V2EB4wjd
1067,398Pg8hMc7G8y37WwJCafbH4YtdBxfoK3b
1068,1PMgRvrW9aMit7FUpNb5JDhe5VsHDwCPdh
1069,1ASkqsF3zbhjhs6uTRq1aDAm8GkN7FFq8N
1070,15cRGFb3hQTwmBdYXFZsKvFFKNWKs87geQ
1071,15PZhhBQj5yaJcmq19TGN7GMi82mzwRZiL
1072,19jGaKDAkr2YKjKuUDT7oNQib8X1Ko6Q3x
1073,1JXaNhnohtTEfcxxKGtg2n5XauadCi85Q8
1074,1EgG1GrX8er1suJa9zDHvkCHAe2KJ571R2
1075,bc1q7xqthf9ddp6wuya7mrk3h2fuqg507kgvancpdq
1076,31vCWLTn5H8pGH53kZrx244K6fBm4q2WhR
1077,1AqvtYMTE8PtkyYatDFzNzcNeCCpdUoaon
1078,17gMzgNqNZy6vZVC7KtaYKV3khJZ6mzjV
1079,bc1qxpgamr93vkwcj5vkw959xnz55g5qxmsqdryxkn
1080,bc1q9j6r692vyvggwv2mnfsq6mwddw0plsu836dh7q
1081,19386VqCUfcYBH9RKa5oj5VG1izdbTwn7t
1082,1QGjjDBS1qUApEu4NavJ2xAvNeqMVAdCYx
1083,3Jftassq88rksgu6FN5EmXp23zdA4vvwgi
1084,14y6qjPxjy3qftGV7UDZJWrNb7LW6EVvUB
1085,1LUPeEXUU6vfuvLM5bh7BHVi4FCe1tawoL
1086,1KWj3DQKgHHieKymovk5rPCRrfffjg9Ht8
1087,bc1qz57h65s9fgp4w0ukt3ud4g8z0khzealpaqj57u
1088,16EuiR2v5psn748og6HtZ3iRL91eQur9kU
1089,34ux8YsnceKkYK2kuXvcddPvg53kg6oR6m
1090,3QHqrp8SXJBXdQuBuJnbFqvAUxm8Win5mo
1091,3PF5jXqWf96smtjTbzjYsXnetDmvJZjLWB
1092,15pMvPN7TV5h9fHvgSKVgXawsjqXgw9roB
1093,bc1qfm7xqvwepme3c9ctzudfpyw0292ypsgqeju0es
1094,133ikrRZugDUMMEhNuN8sXqLyoFDE2NVZr
1095,32uzEwvUvdEibons2i69rYLwcJevq1KjXJ
1096,1v46C5AQ7ddmQTKMbok7B5FEnnZsocpCV
1097,bc1qhcsnd352xpe6rt08n64cxzxw6cde64xzrnr0l4
1098,164RHVzRCppx4of5b55n14oNyLBTiZz6qK
1099,1MA5sTtzcohwwecZSSevC19w8SMNTZCC9p
1100,bc1qu7jedq3sm6vshdmuavsvwuslxt8e82ex03wsjq
1101,3PUzZh1XYuB1o482W4QWWpCnJwUtPC9pDo
1102,13jpQYwf5jAXEoJh25YnnBTEeoHskDMvxU
1103,bc1qk2ckfp0zfevsxzmlr4wjnu0ccg3w2tulqm0gm5
1104,1CGideNM4sTXJDsuFBQMKjwBpqnRmh8ixN
1105,3C4rvADWeg2auo3HS8LJoSNiVuHJWcm96A
1106,1Ay4NKpKYnQ95PsNbjUjBugijp4MBkNBn6
1107,18hcDyCbudif9c2oTzsvESFRib22zi8Jq5
1108,37NkTHhbM7j6qDK4xQervhwhSV2ep8fesQ
1109,192UyNoS971Xxhv8939y2PwbnSQatiPgL4
1110,1A1y4c7Rngs6McvXpHU39SS4AFRudVkbot
1111,3QbVjimrGX65CmZhn9QpwgKyv2BmgwHwHU
1112,3BXt47TqyB3g35npTrZT1SJwVLqhvFs5ww
1113,1BJgC6NfpaSQ9Pk6tgkaaA3Ree3PoCZmNb
1114,bc1qurjlm30uzwd4ehww3f5w49ztqwhdfdwxkdxe24
1115,1GfAHmThGL93mwAqcfbyLooJS5SpQZzPHj
1116,bc1qy9htyeqsq9qlv6mznj6tdvelep9rrgkr00ryyx
1117,1FwgW8FpzSGpdruBCp842UN6pbBqxPKEVW
1118,bc1qvmhnr7vf9mlskplpxha4dhvfg3tzfyeyqf3qv0
1119,3CFFbBWrPZxenDfuTefYWNgxRFFqXo7ovg
1120,17Nnz9iyaQsDyoeve6BZ3qkjCoSvYpAyrT
1121,1CzQiDEMGs8xuSAzCrJJKLzgs4tLqnLU2x
1122,bc1qyc6vrsp62lwc2ywnhaf5ah542u23jwr0xz922s
1123,bc1qw6409v5np49j8wdl6wn0gzum0ncqerwu46jgc0
1124,34fYDp3fuSYGq1mTzM6aQS5fDr1PsWrf94
1125,bc1qpju8nzw63xy0me2gxxz97vaj2rfczxq6cmznh9
1126,bc1quk7px8xrueq2ym4p6cvmt09xlvwwjjv2uyn5ta
1127,3QnuopKZ59wR1c93cEwSRQr3rWs5yZBPrB
1128,1Ct7aWTkNuJrCKpezHRa15TVTHpisDJcmh
1129,18dnH9XaeAQb7n8AhyGZLCFpcFWLAum61m
1130,bc1qlt0h2397ju4w8spnvgyjggn74x3m70vp67wv7t
1131,38xrGAs7pENVkxBEypjoXE9UHmiCxKSCfV
1132,1CAQA28PTYsuGLfrcgTyYwNqy4TADjaKFE
1133,19pnsPyycwh8x5GJqxCXJVsS9KzuJXAtbo
1134,bc1qgfmrku6ep3u8aw68vpl2r6wmdwfczq45slelfx
1135,1DTwMxUpUFj6ysk8wFpRQDn6LzoLinJiXh
1136,39L2sFM8JvBZABd5BRu5J9TJYrQSAjtwRN
1137,1NMc9ti93y1Y81gMeADuS4wKsToc1nCmg4
1138,bc1q2yy42nwxzm7r9dadqfj8ptt27908qkqpqq52xh
1139,14zBMrfGgJZyDU9vooX7VuzuAwned9zDQH
1140,17dKtPaW3wcQxunxL6BNQpToUgt6CVvdCw
1141,37MDF3w9SmiQBLBJyRVyrRvXVFFj2RPLG8
1142,bc1qxplve629dau34u3mc7mt22aw3ejnpzmdqdvyjc
1143,1HNn9vdbcf5kNLyvXrLSX3ohrZUsGJecp3
1144,1GBTKv3aMh8rcYqbqXuitahDar5kPGBY9z
1145,1LHgiAFNUWw4r3DBbZyxupBeLaQTfVddLo
1146,13GmpQJZkN3J6SLBQrz6gBkpznQjcex9j8
1147,16eawNThNg4B7aqXDTEpqkwhsk5uMYNrv5
1148,1NfkKwqNHZU6UsvfqG1JcP4oKZBkhkNqpH
1149,19sPubH7CXY6DHTHpxNZ7G69jHH2N7K9CV
1150,bc1qlxrdkrhzej4lhd8z9hs47mpa5f4e84x0uxltv5
1151,1CaTfKZf2YPKR3naSvMfkBRCN7vQuPy86F
1152,bc1q8tdpnp3gu2qd38weghmw72hxelmcuj92twxhqe
1153,1CjnDrF7pWkm32sq5mJcxf29QLh1dGTM9e
1154,1FdaWXw5vHLRZcUNYJYDohbxqjzqrEMtUj
1155,bc1q49cer8rxa78gknwy5rqudwfs3qcdcvzxs4t7cg
1156,bc1qx2377fsnyp09kmsf9kc9d4zhfglwfd05u3te36
1157,1KRkQPdGWAaG8eoWLCY31oSokfTCBvqamF
1158,34GiUBD8XpJhpHzPVJ8dMgPZ43zs3P158H
1159,19aRBERTAVzxZpjX7xBziPLvGNAYYBJSuu
1160,3By24knH8m3wkdZkf9719c7Ru46wCjyG5V
1161,1MSoLGx5oxU5syp1MzQ1Z6AEeEZ3MvY9w4
1162,1DVHXwJ9FpnVPxaLrT4p1JJwVjbuTXxwY2
1163,37nDTs7uBySmYfwSJN8G6wZCGpoiUGEzn3
1164,3MnXVyLyEutLdHdKSgYQEHiCzbN7hJM4Y8
1165,1MT6y2up4eoNQkudPjtcuJ3LyGqhCbDbkb
1166,bc1qa4ken7j754vl7rcvrhnz58qpllm460j0pvmz6g
1167,3Aa1unVyVprWWdQiHABbZq4KqhJ3gExNdh
1168,bc1qkum9v8z9f4t67ckjnhr9dy0tjhfvskr7cnunqk
1169,33CnCekSN6bpbe3PwutqRSWTjF5WAb3uZh
1170,1BLXqpBK6MSyG5thJCpuAPXNMfYN2zDzyc
1171,15TChJUaKmaZoCJrLvwQhn11LuJ4t2bU2o
1172,1CzHSfaGu7UW5vi5qEH6kpp93Pjaw2wvfi
1173,bc1qkx9are3995esgcj0s5nlky9lwqqfg5p5x4alhz
1174,3FGAGQe1Q19tGb54J2m1E1qng4T1RpFaE8
1175,1FoDf7x5gZzfy3zp483E4NfoBSQhEwCRHV
1176,13bV1iJRmP4EigPGGGLYeknDEdKcTJwh4m
1177,16Gwty36WnPsmeMZHimJyffDRLbWrNdFdG
1178,1GpLYMdmzsYoR2hES5seNUh4Dcz4Hbq1jN
1179,bc1qhsjhh08hx3vaw2rzuhe3f8w26zfu29ws94h6ah
1180,3Ap6RCPCn92UcKJex7wN4WEiWZB6XwCFb3
1181,185d8ddSnBg3zrmyebvHh25UuCQcTyJxMT
1182,bc1qrxy4lx7c779ha8upujkqx58pa535pp4c6tstf0
1183,bc1q63p8980lujtu0482jsd4a7qtej9x882z4ruw5s
1184,1QKrNBa44woMCtMzMox5aHz9PtsHcUbTTk
1185,392ZkNRCyQpv3V93V8ktKJdGQVSifb3qjg
1186,34mKYmyFh3ShMPJ8haoqWHSxkYYNLgBicq
1187,3BoXpEjVmvHrCuzVqdEAPpQcK2g3uN89g7
1188,1Sxpw1Mur1hAkJVbJLVvLL1M3A7bQ3nfw
1189,bc1qcgf2jyprugu42c5nmc46nn7syza4t69hrfe6dz
1190,bc1q6k639dlksxp4s6ynjtvpahxgq7gc7s3ndn54xa
1191,3M7WXNuHa5hTFj6R7pKnF1NDF3AoeK5wfw
1192,1Jb65cWwHMw6FzLT9ciumwM5iRarzc8ngH
1193,35QtTkPybhfdnMpDGjptT932UdrkVwcPKi
1194,1FuJ12GdpH7tVHKSao46Jn2xySJM1728Bo
1195,1FEkDPrYNfFYwRehr5cyrLU3X1mh5g5cRm
1196,15z8o5v5bMb1caXvupwrFyExJuSgBs8AoG
1197,bc1qaed2u8fkq89dxm8wkv0tgwz9x37mrkhuprf0e7
1198,bc1q0ddv72zqmdg56fyeqw04wehwpwvpksdtdj09x0
1199,1APKLjnsGgqCN2cQFjJzG9GGP2QNtb1WKQ
1200,bc1q909r4vy6xw7e5ksyml5rakaxccql92qwxjgz6r
1201,1MeRV5UM8zXr5JXa3A85pJ5DhYowDG1WeZ
1202,bc1qy6wap8us4a7umdr4laskzf0d903njgrp3dh25k
1203,3MgE8scDyjsvFx5t8NccDcMUNTUC3pm6uB
1204,32k5zzmYVZNqJEkziwVm4i7UdTpNxUCzmp
1205,1EBbFUPfjVyMx9TqeJWBPvBirR9M46w8po
1206,bc1qumv9rdlpynyupje0atd3q8eqevelpx5ptpkkvv
1207,bc1quvttx7xrzr9jw958qg8ca0yz5s2qkxykcneqj0
1208,1EG6eUyZXL6rTMag3DMGcSAWuVPgGS78qG
1209,1GA79oqbDASdfsiSHxusBspbjn6DsAGCLL
1210,33stwrYjTuCz2sZkQm7fv1eDoLS5mqpMqD
1211,bc1qnhv4xvlvl8y5456d2zjrhv49yl6zm2g7smf5e4
1212,3PiXdZaV9jLVvqmartTSUtWkJFtrjp3gry
1213,bc1qngfnc6dnlu7uhn8ctem48sadgr77ph4dn89qwx
1214,1Bwcyz1M54papLtU5HEDv3vbxxUb1LLAwk
1215,bc1q8nwkvpx0sck55ut4q5sf2y5u30zya7ufgtq52x
1216,18NUuTR3JtSU1xKdKzx97QTwE9YymJYTFM
1217,3Qgk9adpkjGgW63YyLxKSx52u3qJVs7pAs
1218,17qLUp9Sy72eM1VtW14aDyZ9vjx7A6QHYN
1219,1DzbVDLsxJrxMfP3SvhkVX89HcJv3yWodh
1220,35TWAxRwSzLwKQuuMmb8tHjpB2vhC9uS41
1221,bc1qmrq3hmgzukhsewcrndats44vdfmxwy493uhftj
1222,bc1qle0xh65ymxfxkhmyfny7qxjeggcq6srt3e35cz
1223,1Ke1NFbj2gWPk1kzpDvna3CJzFytY6zPYF
1224,3AuZ9HX2yUGX9s924jTmwT6dYbW6cwqg7t
1225,3ErD8ooV2CbvqB3QHuiZRGttMJmF4PV99Z
1226,1Q8Mcq3m97azCYSFk6PPQaocNKQ9HBBmV1
1227,1CPAHCVeLVpgiqMYvRFVYVYHzWcPA9JyCC
1228,bc1qx5zzx32eqpnnh2z4t0pq6w7ud5nlvg3d4a4l54
1229,bc1qwcl7chp52kre8qrx5refqxd4mrlsu0mgs3ccrn
1230,bc1qdux2ssha6sfmp4segh09k55u44vyx6gp4lfgec
1231,1LujeQ5BLnqqJFfwaFYC2cFNxZkjDZawuA
1232,3E1iScsqoujeE3NrnFYegZbt4GgtLCgAca
1233,bc1q2ylcrrkk87yn8htckeqc8hd47q3xj8nnp5aj7n
1234,3ESbqD7w7QsGVT77hgLdkbGEbqyU3AAKZ5
1235,1JbDTJRZKqNPm9EdSviJmo4zp7xG4cKsWq
1236,3MoWzTTMEfBBocqVWjov87aCua4J3CzyUd
1237,bc1qge9hlrjchhxeq5772cemh4pru933cyauwuyfyn
1238,3DXkcFfYEUDvBCK3Z6GH5Fu5iJuVjRNRBC
1239,bc1qtkunrdewsd2pwetwq20wwsynrzr8tcpc8d49ul
1240,3GXX4MyLxhsxakGfYD1kfoyActZiUNenLF
1241,bc1qzz4pmlsnf5ma55xr0s999ngr5mzye9k2ax90zf
1242,15VivKHRKj13sMfY8ssJaKfy4Eeqcb8gD1
1243,1Jxt8ffeM1iThyDnpe8kLHosjZiT21gw3L
1244,bc1qrftp6qvveklu6cash0l3qjcccxqmhdjhf9va2v
1245,16WtRTBfQcceJmg1w9PeofcdbS2yiSmbSa
1246,bc1qy797mqc23t7rmkplfjuhft3434574dx3q5p42a
1247,1HV9cPrApSs1DXoBaFY5WvaqS8PwTCkEwp
1248,3KcR8tcZXdJBYhyDu6WKZA3qzXaVrJt8ES
1249,bc1qhyw0kweac3wg5yxe7dqpv34l24kden0ugu2twh
1250,3Fbrng4wPq5oinL7TNXVVCcq4FLJ9bgj8P
1251,bc1qmz7nuxkmse7kjv2te9kt7systf8yfz4fweuv0w
1252,bc1qjw3puptw4jv6gks7pf2wvwhmq7j22dxfjsu0nl
1253,1NqFKPBz9sCb2hdz66r3dAfi3Uvg4XDdcK
1254,1474i5Gr2bhepYt8Jjn6SbuGpJ2DG1cLFm
1255,1CDB6sMN38M6a522vVdXf5rDz4mFZuaqZW
1256,bc1qyn6hakdkpzkewyt2nc05c9hv3mmwe76z3yxd44
1257,3Pv5rA7B3UKxVwxbcnnmmi9zR3wp7yL8r7
1258,bc1qrv3chvcdq62amrttq36vwkq5wxse039x448pvp
1259,36LmVDTcAi2hAoyiV1eHpTJDeYSw4oRMYC
1260,bc1qrk5k57uw2etuu7sp30we85dmjtjahmztdzp27c
1261,bc1qdxaaux463fchq5zm70ea3t3d40d986e5p35ewq
1262,3F8fkGD9vZqKVDg6B5yECbVbzC9C8GFtrM
1263,1AL6L5FsTBURnDRFt5aQkppUvvgRwf6YJj
1264,1LrUaDPu6MeqRbddTf16ANAVd4dZBnGyYf
1265,3Ngav1e3WTQfxB8HEH6TGEanZuCJ5eQb65
1266,1e9QiYLJiCNW3UbkJQtRuuT2kit4fjH3Z
1267,3C1MCkovfLpYcgvGCyTNgk8k6bLeYEDJWL
1268,18dyqPNepertjqnDX5XqPJSN2NT4YKe5ZW
1269,176D9A1tJWwr4x4ksucm2huDphdYSM4psb
1270,1LeZG3vmxXDzHLuk54DiZ1ip9qLmqzWGts
1271,1GyotCapCdQ41jubDncuFL4rGjkPfkwuSe
1272,3G2VZ9krXpxswRQkWUWtoo1nC3PNB7fcz6
1273,bc1qdnqkl7kgupxaq372nhwa7ps3jppf40zupmhgl6
1274,3CmRPxKfit28mqKiarV8kzL3tPME6rEJ5i
1275,3L87XK2bGkEVrrP9NjVP2sRzbEPaLj4qtt
1276,bc1qre70hstq33gdxc7mludvcylsrv7yey7su2t4un
1277,bc1q79navmqgtacwnl0fnzu40cgg625hyjn2srg055
1278,bc1q80phu66n22q2n87dk5wajhh0k2fkslh4ta60jt
1279,36eJGUS7j7mdAzhCd5KHtaBDafWoP8KMY1
1280,1Ntp9FQ6SVe69Gb3dm5bXS9gbGijwmCku7
1281,bc1qr97zhsvn6wan48wetzv69tutycpvxryy25h45d
1282,1NihAGsvGcdsvPF9pMukMQwQNuttxBTMYS
1283,1KdNDDVm9Em3tyDDfxDKdMgPxbwNLvRnRc
1284,bc1q4s726lhcw4vutnpf9dph6gdxvr75evs559uu84
1285,1Js2LfCVocL9CFR9sBtQbeauGPDfBQGWZ3
1286,bc1qltlgsx9uy8cavc4vyyayz0vaju7cartxuhgt04
1287,bc1qv28jpv506hsw6f78sfpmfqp6xvg74h9ylt5zxn
1288,1EAXvvRYAizymYmG6YrpEB6xP3Yq6zvjqh
1289,1MXa6xS5kFThKsKvcGEynnppokg9tdkypd
1290,1BPu2JqJ9woe4aGjvZcHTcxBQNoWCtR5xR
1291,14uEitRTs9KBnzuFbQYbSCR9EnGCzd2Djw
1292,1Np8uDBT2vuejwXnn1u12QDFRcVM8FMRAs
1293,3HXh3F8ZXa7shTSAVm7mNDER4We6KqxPXH
1294,1GwQmnQ7hiu22R2nfNbjBcTCFizNXMLtTk
1295,17vSye8EBpxJRBZVvVMaZy8rpLrXTuwUwW
1296,36fyQTem6XJAf63unbakaHrFN9rm2AA3DC
1297,bc1qvcxwaq3fzupz3043gw6w5hy8ldetgvd9ac2nuu
1298,3763JuPSwnFxicgqNUuNNLvkRbAMFsiYWP
1299,16ZsgRF8J5Z23VYSdbWLcNzXB9cajeDjQ
1300,bc1qxc2kfyxyyvxkp33egl8q4w2t0070cgla96gstp
1301,16oR8vFCaJnr21CPKg9N7eixvAoegGaY2o
1302,1Ef1SPyxwWx3jjt7xE9HEdewGq1yraih4A
1303,38gmvuaK4mN1XrQzXerqHrzAgEMiqL8GCR
1304,3Dr7et8VRmDT7sNAGhv5F3zWFswkmVkke2
1305,1HnJfX3XMKzn6evxwXTGtRXTivw59NnN8f
1306,36g935NMND84ADMBMeHFHS98eD1iqAEJUA
1307,bc1q5suzgvjhm5x5yq5c65q3e7ads67qrwsssrm74p
1308,3KmvwvRZoJgLrTsfE8yC1TP11XtZK4goJw
1309,1G5ffuu37JmZE3aqjJqonNZGp79YgyVNj7
1310,bc1qcgrkde6zlnxszv9vtzv7le9zuhr5tkawmfnlkx
1311,3FtTrU4LwjpMGsAmoNytvSBcGkhBMRRpUJ
1312,bc1q7xkshswrr0gn0p0at2ghzuxu62zh97x9trxult
1313,1K2VRr5qAdGCFUjhYhSaHnRr67FVupipJx
1314,bc1q92sznd9k6c7fg4mfs9mcttl7rn737g0y7fhscz
1315,3QsYHkfPwQqmMEosiXumye3g84Nw686Js9
1316,19w9jgWPSg1HduG7Cg4SKVb26VxBoQ8jtr
1317,3FhRf7kPWXLvbj4ATj4DDsrqRHsP5BXLQF
1318,3D6fF8aj6yenBxARw8dFjb43ArYq9Au6Tg
1319,bc1qtm6x5zgxnttmwhdf50vz6c49c48llndra9a485
1320,12emd7SNxNWpVEGGnRtseujw4dUyAXsrBC
1321,17raJTZoSRXdUDmNXrNnUffAJHyK1hWeCc
1322,3HxTnvRyUyvpBhXywr1dNRsmuay5kFwvTQ
1323,3987KvZrazyYoeLEU3W9G1YFXv5Ap7MWLL
1324,bc1q5q23r9q3axl8w6mgn9hagkyjv7030kynf8sqp6
1325,bc1qwmt68058gl7dxedlpp70e0xj9s368uclgxy44j
1326,bc1qmrgnm559ekme5s298h2hw4vur2vlr40q49v0zm
1327,bc1qsgc0yunerr3969tya668y7t979peq4c3ktpkjk
1328,1Q494pZen8xGirQeXWzZb1TtSgAuYBxbyZ
1329,17qoNJTvuioyzTXHZ4UkEVw4zp9HDizgcH
1330,bc1qf4qmpudkp3e2raaqht37nzcmplhskzck0u6t4r
1331,1DHHwxku6F2V7x3tbU2YPGgJ6MGkxLGKFo
1332,1Cutf8ho8ETDmPNu3ZewAudTcSiWDQSyAD
1333,3FFHXmquPyrKk6Wfic9imBTj5vdNQnPY6e
1334,1LgrMQ3hnsWYCcqoev4NktHUipYPanjWKn
1335,1Mqbj2R5rUaY5QTJ9yeP4THXQHbhUm25nD
1336,3GtHHn8gZucb9AiT6x5V5pXBtcvBhK13wA
1337,bc1qaw9xkpr3yz6ktkgymwshfgxmqh0j78q3u0gjy8
1338,1HTs2JTC46DJ6op437GLc2DDhCjtevUJDH
1339,1J3Nw8D33oWcBLkRjkcATEa7QcgUYMqR84
1340,1DVM13Fp7NZMP2bBf41bqC9j3Q6AMRAJ6p
1341,1EPLDHfuZrzaTRE638MBG72QFqtHY1nq1Y
1342,bc1qqy9w57evw30jgy6h6mg9pmuufmeea4uxema8xy
1343,35onPszKMeVS9SDw2oknAqpQbjBRcs98fP
1344,1Q2XTW1UJn2PuXEGsyYULMReCLMNfqvaTx
1345,17jMzQ8EAGeHJPrz8Z7zv7eMW1b7zxgXei
1346,bc1quxkj5847xl58fcrqug2ya38g5qdqjna334js33
1347,bc1q3c28pyef425t78kt756ky2farj690ajs2na7xd
1348,1NteCjrDAKS9pdJdXdMhG8vbyMQZpLH6c
1349,13WviBoQ2Z3jHZN1YoiLbA63fgs4mqX6p6
1350,36TuxEkoEkrrXHp2LTZ8xMs6UxJGBqv2ZU
1351,1JVd7SfwoHgTn56FFGcCsbCVQHPpmru8Sv
1352,1MkpshJ6w94hcXu7rUUJWp4WR4ntMYL2by
1353,bc1q86lsrfnsx094fg3943l6cpfpxvvev3z3pscvcc
1354,3Bws9TwerBow1BQeC4ZwYn1Nm6ngAS48XJ
1355,bc1qr3zkaq6x4c7az7vgukanwh0fwcyvvu4vltvxrl
1356,16d2CBVPHYpkHjZ74KfzHRmHGGB4yBeVRP
1357,1KZpprXsCa9b3RjbXXymJkF1NqBCHtFALW
1358,1PCEYs33N7pctYLVmLtxPYB6AFYcxGKkE5
1359,3F96tSMjyXkoMxhk88YekyzobVRZ3Ne2uW
1360,3G2uwCcMVCEASGJHPxseGNrXx5rohKCCfz
1361,1JB2kn9UQZCvFsY7VJCt2J9dV1Ts4vu74S
1362,1CHSxNPpQxTTCUWHY7mnnqttYnUXXsQnro
1363,bc1qv69qvj7sw60msqq3qkmpzvrp06hhwmmseyvc50
1364,bc1qegsws77944vvjnf0p6qgqh7c3jrtlv7hxrpsrt
1365,13fAvkTk1K7YssCqT7itehsJuiiokadMkM
1366,18UwBebi7Y92P5pPHdCWHxJ4gwWukKu492
1367,15y1x2TUMEfs61Ekuxt2SuE6enq27me3cM
1368,1BZkX6QXVBC1hefdn23KyH2fA64UFX2HPW
1369,1Pyw3XgtgLmsmzZhkQaiQRXNDZaNHTnypc
1370,34U43xRbQUCjUSb73vt9ZpFH7VstrB27oL
1371,1DUBo4V8W2eLa3bEYUoWHHxLW65ALUuivu
1372,3FjQeB81Ubx6WLqhieyCuD6doryQqW2zDG
1373,1FDxnoM6TPpSETaqt8KGbUb7tKKXgd4kvH
1374,bc1q2dyuakkypack54lancptuumr48da87e0knxxav
1375,bc1qgrxpy7qztxhhj8fed82a6jkvkl9s2gz833rakg
1376,bc1qqccnzhq0fa6ql0ccpvfmxmltpevmaqp99wtzrz
1377,3N5rvPRVrX9QdY4u5tuS3UuhDnVreushCu
1378,3L1mVmaEvdnCyvLBE3rCuxuTrRTjXBmTDL
1379,bc1qqxvme48d2c4z0gq0f6sjlg3q50y7f2y7t2a6fv
1380,3Gi59wWYSB9HY9f1SRPa3j7TLf34JcGsJ2
1381,3QrJJ2iN6SGfaUidJdHPCa8dMQKryuT2a8
1382,1hcUnbAUs12KSWqdfdSrsn6UCn5BKYnjU
1383,1EffB4Ro676QKjLzodD699UjKZ6BLMFoYs
1384,1D31bCpvQtGEJbbGGiZaLUVDGbHQoSNkjj
1385,15DfWU53a2MYB9YmuGuFQBUmTB3VWYhQ37
1386,bc1qsc62y43dq7yv80h8497u7lnple8mw92sf4nqr6
1387,39EuBwEnyHSGZtPrvVjEHxkarT2zSbwUJe
1388,3LndXcJspjQVU84wF3v85rHjQQuoBivjMW
1389,15Gh31N9BA1BqepcTm63XZvrafXpfK5nhx
1390,bc1qngu2fezh7wverup04y8lr9v72w2mpqy3xa0tp2
1391,1AtyKwZWzc6uwMQAg2jVfAx4ZjFYdV2NQv
1392,3CAJ3D6fmsNdWiVUXwP1smFk6UtEXUB9F3
1393,bc1q0rkgn0h9df44jyncdhmrpuxm3848vvug6ew5mj
1394,bc1q2xtp8m9tsa98gf6age3exqjf3sqddpyq4nl7jl
1395,bc1qewxxd3epy8pzesdawxzqhtgydamyhxlj5zurk8
1396,12s1RoBtYUugr4tqdT1ugrZmCt4dFQjj5X
1397,bc1q5338cuwhvwl2km8ej3hzlfsh0fhxxgrr3u95zp
1398,bc1qx4vls9v56n0c5r6qlu78agk6rj6yvuq2pl8we7
1399,1MUB1BbPHUZ2bRDkDwXBCeZeRtaqYx3Eb7
1400,1bwW7QajvHgKCyv3b8kbtkPvDVUhLfiB1
1401,1HqMKpqzHx1a2KN6KyTEyyq1HhZ72WUjjL
1402,bc1qaw4v4ql7ukg6ejrca7rak470yzmnt879sa8nww
1403,bc1qx9gng8gy8xkhpkz2hra52m27z95wjg0jrv8w98
1404,121rDSrfCJEZocBGLnKno7fQLnN84FdFnt
1405,1EpCwVgjheExKGGQpVokQ7STBjmktsin75
1406,bc1qxaayvum4fyv6d344xvudry637nh4k47zwxuzxt
1407,1h62Y23h5q4ZDGnTsXeSJEwx6arXcyrDb
1408,1AqezSNup8TGbtwWj8tGv3DoLyV4Rf1xMX
1409,13YLnW4fKymXc25mhsXGARYjksTJSjGkXp
1410,bc1qllt8jr4gqcgp69tq29mkdprd4dh7k4r7rg52ky
1411,1BiXNwfXJ6c3ifSZfeGQtWQZV86TkRVqfz
1412,1HAUyXeADEbj89PMFUa7cvtv9XrTSAAhBX
1413,13uhnXunaA3zyfieHfAw4ESJwBWJRChebW
1414,1BPUxZn74QR853Wvj6uWAL3Z53jtYp29na
1415,34wyKFXhnCcQmygDxnQmzWGnDU16qWcrTM
1416,bc1qtrdtuarkjrmjt9asp7vpxvnwwmks0t6qx6yx89
1417,bc1q0u7qhauet7s0tq5w7zwuvdjk3j5dxamluy2z0q
1418,1TJU3eLdXAZz5bUqSDLexjjHMAoAL1ZMJ
1419,1Pe7GrfYPqeJWMNLp6ju8jzhazw3YZzqC2
1420,131vkNUFWLjmiJjHcFY3Q2EdEeKAoWEeT4
1421,bc1qkgaqh00yk99zh9lmlptke235nep3d27p7f39ya
1422,1MSHwr56QvW1Drtr6VMdjAVTzhED5rX5Bm
1423,bc1q7rrcat6cajyqfa4z3pmhwldd6t7ltr7trm9cz9
1424,1M1vHGtziGjNxdVPgWGX7UyyjsJDDatGcU
1425,bc1qxwvh3xajup3l22smvg40kueyylf49xs5snsg70
1426,bc1qwc8v0vl6shv60yhe0gj0amtw4ucry5pczuwqn6
1427,1M7SzKxmymge2XjMithmFZWeqPYXowwqLL
1428,3LrsDCzondseJsZsi8q2Uhdbk4Pa9bkd8k
1429,18kieTdRVmyusBpJMFdmcEHi3vbbd4m6QB
1430,bc1qrpkjqx3mq7x0g4p4t9vz07wem0ey4c6ax72qvg
1431,1Dc8raV17xdwVi4Fzac5GaXzGX5MjmPUZ
1432,1HVsdeQPboEoM5Su4tqYkY5ESMvTduAvWt
1433,bc1qaymarrsygzkreh0hx26n62gv9r9jkxjsjg8yxa
1434,bc1qpmx2vttzz4g74qexknxfa8vrx76t4w7k6y452m
1435,bc1q6ljla5erfxcz8fv76fvmfxfhsurha0lj30t2hj
1436,bc1qfa3fsc7wwzmpyqfngyq0ns32gyqu2jne75gpwp
1437,bc1qj7c43rcarxmaq09snhhz9z2xr8h7s6wq526yta
1438,bc1qdp89n6vs7j60hpmjahyjyqnm22apk6vumsxaqs
1439,bc1qawq6w337d7ne3pefsaq0pxuqfy5anw9m4lp8wu
1440,1PgTpuxssgFMvM44HTB99XAnqtaDoicmFe
1441,bc1q7d02utyfcqdr2g5x4fmgys84cgh909s0mj7n5x
1442,3D97U58PwQGE5QFX7oYhKTZw4Pd85qvWMg
1443,bc1qgnnemft85ll2da6qj8rtc73g23am6sud36k2a6
1444,1UhfnLJrfUyDZHXE2AwU9i9TgGur4R6Cq
1445,19vpzQZu8eDFwU3mZ5fbVgh7Jwrz5UbHaQ
1446,32MgbwC1XNVWnU1A17fKKTVKfVXf7z5yt9
1447,bc1qqneghlxhlflx6xv3nuxqkyywcvjykp4sws6fuf
1448,3Q5yGX64BEyT8qr4vhrQ3MD9QHeCMNzNbu
1449,34ucLSxobgeVnkgP6PRUtsNWHn2GWi2spo
1450,bc1q7fpdctvw7j5wqwxyymq5txrfghfn68s6jh5j3z
1451,17o33JNgabwhqc9uw4qsFgyDG6B1j21USG
1452,bc1q9zgnyur23rvfv7uehdkngkt6xp3xpyllhsn2p8
1453,1Bi9KHmPNPFFffyPEVidK4DQQwKumqM3C6
1454,13uAjaRuFGzM8JrhL6NvJUBfYq4cghRsci
1455,31pR1XQvgBSxr2H6gjj4TMHKBhPxhkhJvH
1456,39cPGjA1KL6hh2y3d48xHrCfkvKKaUmHdh
1457,1BP4RqaQ1nc26NshnmKPw59ScyyszCjMqm
1458,14LznkhfhakpMMNNaSfvZPXKdfQaGLh8EW
1459,bc1q0qmfhk30g8fvw4nlg2ttnhxs223vtk6xvjl8nk
1460,17GZe7hAikJNAJ3AVnmftLGvgwaM2gPVt2
1461,bc1qr05fxddxt09j84wjlna0sg0q5asd2yh7435ph2
1462,12NFc2h319fhT3J6Kn9YBGTZYLMf4uHj76
1463,14Gkp4Nt7hrGiVqWjqy9kLMXEJkFRWweeX
1464,bc1q70f82v8r755zxwdhpcqf7euam2xyr95hqt3h8u
1465,3Q8wy1cQj41UCQ4T8f27ReMEavGeipZowf
1466,bc1qv4hg0tw9z4qgvtnpxkzlz65upf7mdyhk22ne65
1467,1Ee1gqEtzXD6yx5rQByM2TKbSr2FV2o1ec
1468,bc1qf7rvr39pcmta8q2fu5sahuc44872hl6lmw5ualcxm4pl08wdg22s0mlzgu
1469,bc1qt3l88ese2l76hcuajwpxaculx4y4mgvlhgzs8e
1470,386d8eWHJJZZsX12XB48jQCrK8iAMQhzKW
1471,14U7RoDikLXQ8gi86ZCVumJvka94PLwgSW
1472,1P2HCptUmthLZQDT3zrEBhq7364insqVJ5
1473,bc1qc6g7jk4krcjzjh540erted94nrxvc4le24xcn4
1474,3BPyX1kKBAsxdgS3gP4X6wjSBQ5J2dt2Wz
1475,1LVSt2bFknxxNEatpJ4bxfnZyqP1RNTdKD
1476,159REpVauATzHWFsC6CXvhzcJgFWmUeri9
1477,1Jj4YZDdkgTmz1P8Z9SiaZrDrXZJqjsoda
1478,bc1qlrdgq84vh2qs3khpne7l28dtm8h6tj2kpsht34
1479,3CVTwu61qgeoFxvTHEtdSR29bqakoWr25k
1480,bc1qmzs5r8r95ut2j5nek8205m3lrzfm39cfkzmf44
1481,17vr9zdRm6gpwN7Lx1aHHcRciCzrEwejoy
1482,14B9AYUFECAUz4rBDiKyudtW1S1JRx8Vhe
1483,34N2ZgzxZ3NqEhXD6Y83ArVdTZ2HJpTzHA
1484,1PoPqmh8ht2HTyG9QJVw99tWyuTK9FPPzq
1485,bc1qe8tt4mhdxjl9kz8ayutvsnm3yas8qtd763eqcj
1486,bc1qrdphcywp9jvjyl09xya8hcl6fvcuqtlect8tv0
1487,1JBXzuyVMiRCzQ5PYU5sSreJZMmg5ZKLw3
1488,3B2vpRcZa9FF8nDPryJnH4WbEa7k2gHfGk
1489,bc1qa5cplelcxynt3rg6de8f5rsseqtkarnns95w5j
1490,bc1qfl6fqhy9fta3wfgvnk5fwh65ftxch77d39zupx
1491,bc1qdhtr0kfn97jjj79ckwg6nptcz7hawa9j0vugm7
1492,1LqKvWKhiXRoSxZTA6xqx1brNKzeqXSbXP
1493,bc1qdnu098qd345hsuhflhjyplf7ug9h27tlvr5eza
1494,1H7rTw2JtKtCaJK64UBPgCaeogG569EMUH
1495,bc1qxzvr3jk5h6wgh677emzrhuvejrn9mtmcdqthzc
1496,14fVKrwg4a3ADBJL62rsjWUErWovLSU2uF
1497,3JY1uEpAXhuzBiGHsFcgZ8YB5zQgr7ogqv
1498,bc1qy8l6gpfua5hhtw5zhr6ggsefhmysetlglhacqm
1499,1FcQMjbVsyK8X8cgdTSTCqd62jQqas2jyv
1500,bc1qh6qx3njw0ev78w8vep4leywylwa7yrrrdhrfwl
1501,3EtxVGg49vSGpx9nsxLSqzSyUu7UyE6Cjc
1502,bc1q53c30u8e3q7w76xc7apgxatz0vqcta024u6gsf
1503,17E19W8dCHkPQz1VwxTAvNwzRBpgKex6nq
1504,bc1ql5dm2psx8dd5shr9w54xv62lewvkhulxcjynck
1505,1UewJBoCn9ceU6cPbTc7WtFgR1A2PKbyB
1506,3Kzd2g1HwSWeurbKeQkww61W4g51Hv4ijU
1507,bc1q93jfy28r0mwgvk5sgxdv7lf20ucjermuh9803s
1508,1KrytWWMtDHvNKasPcFUwohPUpKtb1TGPi
1509,37aUjJ3NPqMQet8PqZk7qmnvf2kkdiNCwE
1510,19jLxL82tKogmcnDjE3414iY4VKH72XmoH
1511,1BZyt6eBp5WqMJYymAyv5R2HMQ9qApX4W3
1512,bc1q8jeazujnk9vzfsq4e5cm2clwtky599xulqe9fz
1513,1NWUpxYwhmxNGdWFzSBaq4gp76HA54PmS7
1514,bc1q5rgfe5z8tqc28hy7hr3udvg2vmd9f7w5rszwtv
1515,1GQnrfLYagceGw9mnwCat29UoQ6fVY1zZ1
1516,3L8gC32ojMPmnYF7LfJ4pmBTWBmdRZgDWB
1517,bc1qh3h3pf645ejf4jfp28zhaaamql9qztt3dl0vvp
1518,bc1qvqw3nyry5tp0auwk2hd0jeac3la28gja7zx5hz
1519,bc1qm6amc70hmqtpp3ykuel7xrzarg7sl736q8f9l2
1520,19RKTao7RjoxiWQbgoXzniSUdWGv4cWoDN
1521,bc1q3ef2x46zc3vumyw5l9dw4c94zvrfhs29qrudfq
1522,bc1ql9w6k26ckdnffgxmg4knzf44m9nxazd7yx9l8t
1523,15nMe6fiu5RhoQSHmVeRYGcV5Tpeo6woHV
1524,bc1qx3djwpp62ysk6hy99yzxdw4sgw8dxm0gaa9dpr
1525,1J1KzpjSe2Kqya4SQvHhinpGsiKJKEcVyQ
1526,bc1qxnkypt5e0vz882dlvjl2typ7rm3mt0p4fkazet
1527,16CGq8iKrsDWzspZCkFXmeVFNr1KftZBiH
1528,1BCnBSv2JN9RSrwqiDrukWfG9irQ7sSDiE
1529,1PtfnbE2sgGor1JRpCzqKi4VryfAmyEQaF
1530,1GBhJsjYXpYedha4N7EDJqUy8ZM3tozpZ8
1531,bc1qcy345w5d5m4mdv472g7pqq9q5san7rzkksdz7s
1532,1HPfGP2BYazuqmYkkzA9fvdDR7DayzkJdG
1533,1DzQFEVBdx4PqgsZSPKd6smSUJPHpJXomb
1534,39fyvfrWMwiEXbL4z9EhaPdPqUAdHETXa5
1535,3QoxhK32xJUnctemnHKSP6EhxFnwyNgbjZ
1536,3F8EzfrrRgpqhMAUsJsiAEWjspyuChvZ58
1537,bc1qes6udaupj6cmehp2ugsetmhc6h8xmvqpf9s4vz
1538,163cbzpXpyA3wwkx7EcRYQxeEURACBCgaY
1539,bc1qn0ke5vwm2rd8w5vw3jhkchtfxfekgwu30yym06
1540,bc1qmltrvcrw4ywlkqgr33v8h0xglg0xq24cnnnnm3
1541,bc1qta27n9ea5lasjvkm3m6aa5stv3st0a7yrag639
1542,bc1qmdn90d2yaqww6df7llzpwmzaf2cqzcj6klxgyp
1543,13Uo3GpaTLZJNt4Lmyt9X2DPzg3ChZdNEa
1544,3KraPDhZDArax8bK71DraZGg6C5nz1iQUY
1545,12VLEzgVwvmGRoy6asGx7roo83T1szuDia
1546,bc1q28esdye7fttdlmtutk3p2gdxdqghnwv8tfdz7k
1547,15tkurQkCDVbT7nFKgP2oBnnjDRh3JonTE
1548,1DkuvBmE48tf2eTamFSKAF8KUCjxGXo5xa
1549,bc1q3yt54vygga8xlj6y7l5tcwtpuqpdavsfteu9cf
1550,1NZb1sHg9i15hBqFyiE8bLdYuoKp3d3uzr
1551,1NphGd7KHF29B1GpHtPkSpZ8ziQmVFnH9d
1552,3Dbk7siubHobxXUWGfYapTVUa4byS6BV1t
1553,1NVFRKiS1Sv1M2B9r5w9RRt1enYsFVGnZH
1554,bc1qaax9884gxgadeush8xa2mvyxpamf7e8xtrh9jv
1555,3CUucrJAT7bcDRAZ9yTY4LKFjZZjPmtK42
1556,15D76gqDjXFXZodF1NGs7WXQZZUgKR1TaG
1557,3Q9HQBKcZ422p5s75bU86EDG77UsF6LaEr
1558,bc1qz4rawwz3uaugelq79ltq4z3plmutqecfjtk9z5
1559,1MkK32x3xf283pPTD2N7CwLQggMj7AR18a
1560,3NZP3eqexDTW1aH4gu5hYgUsajbpDGU86Y
1561,3L6Bbpqq6kECsTVaghN3Z5pPamRQBFgxaQ
1562,bc1qf8fwdc6v2cmrjyqj7k4xgqwuf8erj2myxzd8z7
1563,1CWRiRu9YMfCgaL14ibJDDFZK7cpWHqeNy
1564,1PVac7UD2w4XVQotuBnqScmZFwZQoxYxBR
1565,15wzcCFZPK9UD8fVUrMiWSF5GiXD7jTPR4
1566,178oNQXVrPuZg44pPDKMV6iZwsN47VHVwS
1567,1BeCqiZ1zvGD11bu8CX5Kf3n31jxV5oi4X
1568,bc1qax4las402s8kagmulcrzhg6mrvmwqqtutm6lwu
1569,15XCqyQg7HbCUc4Trg8chZmGjj78Xfx68g
1570,1A9S8vVDxRx4qdBks4EVDDbXcUqwav5Mor
1571,bc1q5ycy74q57h9weqt0fkak4s8nusx4ax5tfr6pzx
1572,14W5akA6bXojeasG3VufWgbaFxUHcCPTh1
1573,3QUFHW4FEuwS1M5sfmbs6shA5XbTuiEq7m
1574,bc1qlqacechvum9wvatasjudwgs8tx63rvmg32xsdu
1575,1FDVTyZrWEZi5Yw9cqQBNNopk6kxF6xLXt
1576,396jRfHokvwZzjuCBHbeiqG2ZsXVXyhXJm
1577,3M75xEEvYYpYNH417xv38JB3ShxMacnoZ6
1578,bc1qq767sfdr5nr6dsv8ezm4csh7dfts3t28hlr3uv
1579,bc1qtp44quxz383jsfdv2ux02muefwwmyyh56fqksj
1580,344DWKxtJPE46i9a5g3xQX91k9PL9Ut775
1581,334bWzo5FUNqetCNtmzUBY41zTkFZS4Ryb
1582,bc1qasu5ddlkued6hxk696kstjjh6sxgv3yjfyq3jt
1583,1PZNz9zh8JZyXSykxmhNw4LU2KQxjbi5Nn
1584,bc1qkxv3ucug7t4vcp2n2tqjk2kjtv8455yvphdk2v
1585,3C8p9SWxxgd6QzzUAVZaDPGrYyJNfSb4PF
1586,bc1qnusqwxnqn82kgtn89mpauhfay4acw28qttlpu7
1587,bc1qmxvnyaf9c9s7k65epj9mxht4efqnn8dm2k8yx8
1588,3FhaUHXD1XhNyvz21cFbSRJJJFL6uJu32P
1589,3DKWSrcD44Z3Wp18QFMmh6N8VR3tyx89Pj
1590,18R8K1rrKF2FQG3kJAftsXw4AWZPRKf2un
1591,bc1qg286sprr2xfq9mc745kk8trsamxnrwcudh25eh
1592,bc1q4tf4fvm67p4c5pckpazm4rzqm0xqtl9v5n3fdc
1593,bc1q5tjckzgd3ga3z4s5w8w424zk9xywzlk2g0ahsw
1594,1Pag6RomFhAhYbDdfFJcaALAsTGgKX9U7x
1595,bc1qccscj73vddf24mvnyxn7za867vase3yxw0ftj8
1596,1Jgwgej7g74bDMey7ZFDVB9naCTwSKivYR
1597,3GSA5HU4NJA9R92vXVNFDmaM2CJMn729WP
1598,1JNVJ4zP9iEWtGtyqwnE4fgNRkViKPX3ug
1599,bc1q9wzn7qujgrdpfwcn2wem6mrcxud0al9k6w46qu
1600,bc1qn2stwtnzvprjd5ut8wzn46x6nj44xyytz9ze4s
1601,1BYFmwFJWHoAAXCHrydCQ1yaVUzT8jKZZ1
1602,1E8tpFQeX77n9TYa7DcG9EwmnyF5VSgmHv
1603,34uPZpDgLpeCrQ99nRsNAQsCLgo3buRzDk
1604,1L2uo9U1qLhe4YWgNiykNp9FQEHEpiXPRB
1605,1JC53SmjTgY1jSqGfmRG6Fy6XRDToKYkbL
1606,bc1qsv9j2djap9wn983phnsjgscnmgxj8q4p4c2pm3
1607,1AnzHgpkvFBJR6coSKpHcZE56aptisBpzz
1608,1DG2SfU65yzri5jBnfnowq12Qxav74Pv1C
1609,1GBmp5bUC4TwmGyLy8FYrqQC8o6ZLDfd9J
1610,38SDm5ip5mRUfYjuK3ay35Y99YJ3Rk9TZd
1611,bc1q7rsplp7t8k95mmylcfl9022ugu982z5y3e899y
1612,bc1ql2e4ey5lz7jy5xeqdlpk53ka8ulnzkdgdxxduj
1613,1F4kST66ygNCq5sS3XvVhkJAx48ZkoRxSh
1614,bc1qqdel633d89lzhxj9gawxerq6dlqj3wzukc9c5j
1615,18DnFTrrnN2P3q3tHDPKUK1zXwKXBPz8T
1616,1HCDeTk17eL1bggucCmBReKP6Lc9Y5cwgJ
1617,bc1qae0qre7keehtryha36emc7xu0wyg7cr3sd3j6d
1618,bc1qnwqv8r8vqzsh8yr4wkq8jmxfz6a7vhl6e9lspl
1619,bc1qk2w3uzzz4298tdnpz259flzhh3s2ucdj9nlnwk
1620,bc1qfx37s8kyt88sm5tzqa7ne3vfwzyvq2pdu83js7
1621,1F3fq5AoVvH3dd2hTFKCyD43jWqbdp3cVo
1622,1QEHhcJBcCwD9YSkenoyizojRNSXhj6inw
1623,bc1qwjcajpxklt98m3pz2npdrw27utzt3s6pdgeq6a
1624,bc1qx45lj2kph84hhu2cttq7rhsczcqcfvshlc70w8
1625,1PVEuQKehXw4a5fYQACS4eZjjPywoKUdRC
1626,13HcH93HEM8EgJs6gF56MTjResQmBSLnJ1
1627,bc1qvuxgmsje3njgg9gd2dtn3lytm9mz03404966x3
1628,3CJAMGY2ejq2oU8pZPqvYcyNAD7vRwGiPP
1629,bc1qn2t2rlv06nc44yemug03znv5tj8aq3w3x0fkv4
1630,33cGMt3rpWD3pWrE7Dypm6ULW6iytD1ayM
1631,322bUz3Txbys6VDLT2vGbbAA5CKy7iuDKj
1632,11h66wLRsHqbahix23TdhRKrGMpH8CSac
1633,18CTBVk37N26xTGo3MvhnVCUwnwuBmscqt
1634,3FCKdkpTPiAM1kDm2uDXTiTJ2F2VgA5wiM
1635,16DvjMfGU8DHkjRdmaN3S4hsRLqp7krwjo
1636,165eU4iMAjW1xp7kTtDtrb3i7K6iSxZtJq
1637,112t6gP3ubQz8fWHvgnmFwWQTYhas5MZJL
1638,38U59P4mNGV6QdLoWCYioskg9u5Gv32F18
1639,bc1qyk29hz3eqmewnkvwwgmdmstdc82m5gp4gkmgy9
1640,19jsYfXaHsaccFUCZ241JjmHfGAzqgw9eN
1641,bc1q2dunn2uwtu2vwvrzfwftfemkz0n6fa652mk5y3
1642,18o1sgHUpQtSqfBT6ywpPQNiGDRtFcMnx8
1643,12Bv7i8Ztag7p66rdLdpNqC3M5wqEGwiGT
1644,1D14eCDomVpqPEj8hEEGf7pTzQrpH9ZLaR
1645,1647gcthX84ZSgy3bZgx9omiWkQ4dHf1X6
1646,bc1q8xw0xj9qk6fx5t3gd5wr9hxh89unfxfj56rujl
1647,1DyUVo3k7f2yb3JcvsgSgPcBtryUKRRGnx
1648,12WmFMTquHETQGLiFt3GChnpTosXHDqotK
1649,1Awa95SqdmsPS3rin2HTjsLAyh9N1gmZmA
1650,173UGE5bjLjBVV2RUs2hLscZddxK6MFrdr
1651,389Q1Pj2xfU5Qv4rZPPaxox2Y9UHiUQcsx
1652,bc1qhtxtve38t254y59x80m28kc69t8dzyv30fsker
1653,354T2dGpBEBhXqDZrmtEjRPNHkQmpibzLH
1654,1AdB4MyaQLXg8hUJb2MmARsfGLHHX1A2WF
1655,1FzAetZhhDC34FsuqcErkHnqPisHsk6sZW
1656,1GB8ZnZrYaLptF8taNG8u9gHRHjo7RUzRq
1657,39kif5MHQAQtxZ7ti51sdEEqCQ2GpZjWgz
1658,37Y9RakbjceJta6uQBMeEX7Lm1zLAADqQk
1659,bc1qk4q8jk6lwt7u6steuea2utfhyxjasxjzs304wh
1660,3NVNSmUzS7pSG6LPeTsHLVHPAFos4XnpAw
1661,3Jy4pjQ4Nw98uTBkNmJtZEjmi375GVnVQ3
1662,37KqdDeWkxwJTXEEeDMJtHBzP7ghrcdnta
1663,1DbyFBVoY9R8nkkLB4fup6cALUTZS9dAge
1664,bc1qty0pqhxj3nvv0gz7lgxaljjzyaufqs2zd45a7z
1665,bc1q2g7akpxnarz83ytzumnxwszpdz7zetygzl7xgd
1666,1NbkysHo8J183Ti6zgAWWVjKXqp2ZX5Ted
1667,1N7GZTVyFriWbPe7AJRvc4qQfVVQVYpEun
1668,15Sv9mgkdcdzzkKsjSLgU4kDuyNHjntmrj
1669,3CVL7eCQxAGJT8ZsvQQY8PMqEdxb8FaGcD
1670,1MJGqjL6RSgcXiDJKEm9KZeF1zdMi2giJw
1671,13FEoekWTziNUwAKwdiADGEKJxv7rQUjTj
1672,16NSkJX74LayVkFUGKYY4mEsbT7Dr4naTG
1673,bc1qm7w65lzrn4qlrcl8j8gexpfqqj6gxqyslwv5zl
1674,bc1qfzhkqu9e74069y8jdra7adjk6mer547phmnxur
1675,bc1q87gfvqzzedk5y4mjdkzjsm0j9e9p0s2lf09sdm
1676,16dSbgHQp8fRf5K7HYYm9dYNPWqgd937t
1677,bc1qxypvq5hjazh9shqh9xka5scrgt64t9nj53a054
1678,1QGHYfTjK6znfZ1nZmjDnxmBP68DevTHCt
1679,3Fvv2V9RC3qrkmhrJ8CMxik5gAoBLjbqzk
1680,1Khg9AQQ75ijEiaDauUr3fjWbRaGhGJgic
1681,1H6ZRJsk7m4vQ5m6Ew1gnAZa7zcft7mW4v
1682,3QNB4ZTYWUMGyUgU3CuLUL2fBnzyr8kcCZ
1683,1PSDn4KgUNnsDhXCdPXxLisvdavTmu1CfY
1684,bc1qdl3nq597fatx38489z6llzrugzekxg5xlwkndw
1685,1JhgZstV6583RSLQJjMT4FGxWUWyUMEN2w
1686,bc1qj6qf9f64d5hzv6a5q8d8tkkedfc9ungycdv0q6
1687,14dPw5J4JpHEDUNnXSMjg1Ti5k8vfMz2jR
1688,1HPGDZo3hFxe2epeZfw5FDQQxxp694ZCN1
1689,38QnddZKwate5QJ5571emqwu3bsaBwDFCy
1690,19hNZimX8vBDuAZA2PYfL4nmreniQg9Tcv
1691,31uRo9rBtF3rRpN5MHixNu9WJhfEedxb7i
1692,33dTndQ2MKFaVmWcwR8B8Gq2r4H8A9kjfD
1693,bc1q80zpxym76v049uvv72uwt3j20rhs9z6w08gclj
1694,154SADCud8R43Hai7hxKfDn1oShW96cjug
1695,bc1q0v4y235k47wk9xvughmkt8rwjkuzchjdh7h5h6
1696,3PcV5gQ41BAdpkA6SXsmbkpM5S597558mE
1697,1x1cXJQ4e8ukjuJnsHYHQQLHnzAvDmpJn
1698,bc1qa7qsfklrtvm884xfmc6gje2xn7j9vctzu6e5fz
1699,bc1qj82fkzd6hthftz2lfe4vdt8y3dd7g0nmm2u454
1700,1NwzUYnDpRECwqG2qdfHjWFiN6BTAwXnBY
1701,bc1q80x20e4qt8s5yrn0g3xypl0txzq0maamstt78x
1702,1Dwmyo6rsWmY9oRpJGe4qbtodtgRctdpxP
1703,18GYACyPa9ZBPt2d4waVM5PKgkLSjYhHgc
1704,1BfR7jcmzXYfTReyKBmhjHKzn8dPn2c3AH
1705,1JsCG2YCXie238yrj5PrK8uKG86kLJ5eZP
1706,bc1q0h2pxh0veuvrlltemwcwhjxyukxd86sfgskdx8
1707,15YbXers6mbm8zAY23JYafbMxq7iY5KBxt
1708,bc1qyhlrzgn3rzayhrv9cxccv253pur7xjn276j26e
1709,bc1q2qljatdzyxutem5thj37j8kqk6nnvtd946vk2f
1710,bc1qydwwu2pz32peftqweprur2xt4up45n2v3nsdvt
1711,1L1pSZkmUKD9NKwFWLxtbqWRHFu3o34Yji
1712,1Kqr6sMriyV5TEbFGGv6ESbA93KUsaSgyq
1713,3LX79RPob3Jc9RVYwYDTSUNY8iepfbXwkU
1714,1GTnVXvsMxqNf5XSmX81DVKebKMWjQEgK2
1715,1Bzzynhjhs5pzERu6mC5BrVRrHeXyj7hNr
1716,3Ha5Fx97FNNpvY3LtEKroEBz9sjxnhCPgX
1717,16NmjsqKCtpwzF8eBzZigF7GyH11uSZUTa
1718,bc1qyjaryv9euaxxyasmpvrde7wejdhmkhns2cazep
1719,3QkKkJcZ3PU5KQeZVrT6poFySVqFcbkD1h
1720,14n3yVbgDa1LaXV6zwyXTBXmxYNsVV1pBu
1721,bc1qs6fylrk8u3dsh9wu07q4kxv32c25h43j42v9sj
1722,bc1qggj5ldql86rrmauk02rj6yygmy2sswa0e26yf5
1723,33eJGL7vaCMacpsRJewbu7ewokLgyWmwoB
1724,1DKfav715MAvAR2jgz2cGkJB8yKYytnBnJ
1725,18hREwvUsER3CGGyyDFWaTnj5jzMMSaSnx
1726,1GY2gWBsr7dXNzNNXMNBWdLPkhE83ZnCCw
1727,bc1qwza803w0jpvekqlr804c9xsfkwyusc9ywu7yr6
1728,1LJztohm8D1HAp5m6TbbZPEi1YHdzFUt84
1729,1EN8SkkrJouLh2XzXnW2mzoeZHLQPN6rQy
1730,3HE3xczrDjgo5PBTCGbRcWtsgZfXKDUT5a
1731,18nQwWuCNS1sR6v4JAYsJyXBSLqhm3u8vN
1732,bc1ql2npc4kjzazsd2028t403wf2kx3sjamy4elhrk
1733,37ak1rC94YkhmdQVs7f2QQT9NhQYuVWZvj
1734,394C66o15w5WJAeNmAnfUuvpjpQ5BwN3pU
1735,1MKoENbWtF68SQmSeQDv6i5NeesMXJ3G4q
1736,bc1qsqgdj9hg6eu5desxrsht5tee0sggdzqjmd7zcg
1737,37dUCwjX9RL38TTxci9s7nidiYSaPAecuC
1738,bc1qsln4j4rfltucecgmvv42ztu53pd7y6n0jcld7e
1739,bc1q4s479chv0e5e0w6m00eupj2n3udqduq0nvazh0
1740,1EXmqunRWk4uUEwFsDiSv27E6c9hsXeFxY
1741,18MG55YbF9aB759XtHpkcwi9mEJmhgX2C7
1742,bc1qdgamxfxza2v4ud698drhmuvwt4rncl5knzcekr
1743,19eRQ2yz5vJDBeDVjAecAkFnr84GrrnwWf
1744,3PDW65BaXysQVGbVMPUYDSnqJPM8wQfs7j
1745,bc1q8damya7dzpycm4w8806ed52nlvlyvnrzwxkkk4
1746,bc1qurv49dtdh2re4y85fquj3d0css5jf92l5f808x
1747,184F2NLBqLLK3zgr1cjDSNNuoCa6hu2wET
1748,1JEjDuzEdaBnLDwEG4ufo1DhSsL5N8jBcn
1749,3375RNDyaZrjAd1jfCnUGr65f1yXaCkad7
1750,1NGFfMfJn5Xo4zbjk1Uw7vRXqcgyU6muEE
1751,1QLM1kNLG34P4Zexpzk7Yq5fSZ7144F717
1752,1EtPQUXK6KRiLMePctkYE5QZPu1Cgt7Pqg
1753,34Q6xKjeGrie89i9BvEChoqR6msZBMtzPA
1754,bc1qf3kgz9sk2kfxdstvgegykehffqug66t3a5wv0v
1755,1MgDkcfLENgZPjEXuL8pnzzmsLPJkrgNHs
1756,3AU9HGrdK7TVNoQbsUeYP9wSSWodb3gz2Z
1757,18LgfknujLMR3vSkgf3NxK3XXAhhemaYyg
1758,18jkCGEM47z7JRUH4BVgJtXNQcrji9ypHF
1759,bc1qtggekf2qtwven63nw52v7nakh02k40v7phma37
1760,1L29LtDwXdJkEgQkoBWCj8q5AhowAW7ckZ
1761,15v6N6xewiThC1KbmwYhm7XBfXcmcnfjM9
1762,18iYd12L7Ex3cBpX5hCBVWaUeGcp8n2aZ8
1763,1NgA1qPoEHeiSnYYccJdqFiz551DLccvyp
1764,1DdeZgKoxLBUaFZWeFBDT8UQBdcRsGBDVu
1765,bc1qv3rjwg2deuellsuzhfj496n68e44wsegrf225p
1766,3BVAukQJGbocovuWov3X4YkfuxeQXQXKtP
1767,bc1q2xx3n9kkvaz7kae6xnuxmgt3rnnf8kxst5pyzg
1768,bc1qlmwwhh6ava6dseflgaycr4sfs8z6phlxh5pzhj
1769,1HUW5k15hMdfqBQxroKGU6aG4QSwUP5YZZ
1770,1EiUMM3NroYweRfEbYt3Hije51bjtddk83
1771,1HLqnU6VU5cEFzxiHokqbYwcJgHe8rG2Am
1772,1Hy7oqVabz439KqV7cgcLawkLq1sKPNYV6
1773,1E1FEhpTppndfGR91X5uB2D4JLjJhjjC8R
1774,1DXwHmdLCxQ3TULMY4vGMPq3AGBnfphyTk
1775,34CsAaM7HS2sJucXGxAyYdyabK17gNAB2a
1776,1Ep7YBYp6QDxg2WVzsTwQTis7rra8ZGbrP
1777,bc1qd5ewk6k7h40k3tq0p4drtrfqwyertz7zx6mqkk
1778,bc1qzd27xcuspkxcqp457huyneslk44zxyuj8yw5ht
1779,bc1q4ajssjtdzre7cq4puk5v59zvstlvww9yxq36z7
1780,1HTEQy3cWfuQL1AXULkAJ2haFKJtT2qg7T
1781,37YDrWa82atTMjoepaiKZoSsJdPrEGJH9Z
1782,bc1qkrfy6qec72jvemsexj8laerv872skj483exule
1783,bc1q8ay2v2z7lt4qkztqlg2gfrdll4ghxhsklshm74
1784,13rHBqcbqeuf6binF4idocqGRhVHFLbxqC
1785,1FVUFJpfHaPK9duTY1ZETKmCr5DH6Q8hkX
1786,187suw2yZZus4eTzU6aZwiPw1zPjUpLhJQ
1787,bc1q48zqyhslw2357mk2gcxhjnpqz95yh6dpyfw5a3
1788,bc1qsmlage2v9khntctwf5xt0d7mv0z0unwwplk2xy
1789,1DdfQRWGWgQChwQ12ex7M5fcGb1RdSMC9k
1790,bc1qhpw6cxmw2jrfz64jryn0xt7dresy36zw92uh4z
1791,1JHNETTaxquUWBn4ke8DaYWqzSJKmiPYuP
1792,14rQesdijKd7pUPFneLMYeY7pu9EyK5rfy
1793,bc1qxqgsxnwvak9f2ktk06uflxpcdm3j6d63tgmfgc
1794,347ubUuiZVVz4ccw1pBAjEWbpU38x4VpcX
1795,bc1qteepeax9kd4tc3t0nrtfktn6lcqa645m2ru03s
1796,3GfRC4759ci9NitqxvdyVf3LYSnWEHJDAh
1797,1CZU3HJXnVaTw9wNEj5dzSFELePKyVubQC
1798,1GEEN9dkisFqoZ7FgpbWFNZ57y2fFCZSLQ
1799,3EF3dW79McW3PoGonXP7G2E9y2YKvWgjgY
1800,3LaEY3FukVBvQEvidNnUYfwKkJBjLNKNkC
1801,3CspicZmMwmk7yQBwsqN32XTTmV2pf2SVr
1802,1CBWvUvhUVz7UPeKo1w9z5o7q5fifg9fkD
1803,bc1qeptzgpgn7utevf6eem0wt7r7xemfk8n97fqdef
1804,12Nuj5utEbQu8qfZX1K3pbU6ypMJXtmvNF
1805,1FCKK1dnuiANgj8NC62itD6hcaVaVGzL8X
1806,bc1qwz425vcpxqymk78fh3k6fu8eeuzzs0dwxkq7t4
1807,34ZzcXnhaDU7ExFgyp8ijh5SwbtT9zJw6m
1808,17xu8YenkyhAJs4uPDnxCgaG6doVyKQfUh
1809,3Hc2MM3Z1YFz9eYdB2NYanCMztARLUoLHZ
1810,bc1qpqwahlc5zasj3tjcl74wr2jn55fcndk2q4zcy3
1811,15mqGVSeoEuTssZqzD3VmiPZ8eN9g3JABw
1812,38MQPnvgNywJo8bR8Xsz38sFiNTQBsyQDJ
1813,16StF9kGhAzjrRcHNBaCFS7aGaVbBAJHCR
1814,35cotQBgZzXHMfuqpFwsCz1baqJ5UUTqn2
1815,3GSE7Qq1qrQbQEDEeJiasvn692P9nHYrpz
1816,18SnpLEPcZCLQrPDHDtH9yZzvBQQRGudAt
1817,bc1qg2z7waj2txj27jylf60k7tyuus6dvtyg02gv96
1818,18WsAU9DtFbnfF7VWQpiBz7sF5VEw2qJcc
1819,3MwhaurAh7zdHZ18NTXHyBDdBAcfShdt66
1820,167NDcqTSiRkbnLeE9FjQfdThoVUsXfFhZ
1821,3LPHDZXWaaLYHUyJKHnrq6RfqvV7AaQSyK
1822,19C43GMLrY1UFGCq8vuy4yh8SKe86jCaWL
1823,1ApCVhtKf3yDh24JV1wZLwcdFUDrF5HeXL
1824,1HMKbdLKHZqHwtVknqaNfSa3LzkgjRrgFm
1825,19AizRjnG6wFWcjkzjUbJM5Mv8WDxHg6YZ
1826,bc1qewp3tm2wkuxvyrey500chx3s4w79ge4mkykfkt
1827,bc1q0tf6cvr63dqq2qyrwz57j2qt2ez3vn5ljlw4u5
1828,17yDsnYXBVrtMDDMuKYEn4EBqMY3jMz8AD
1829,3Ffa7x7z2qnHe6jQfUNF2rh1cWDFW2dvGR
1830,bc1qyw6ghkxtju5s6nqrwzty072j828xwv3nepqrly
1831,bc1q5tp7yyz4ugrga4tnfweyesduje8k3rnl42cjpg
1832,bc1q698582cjsny2ly06h7e4q50lyyulks0l3yaycy
1833,17QEHraf3wZusiy5pHC3D1y37f5VK9EHxj
1834,bc1qcn9tlfzcn8huqvcagx22sk8skavxvfs0g5sy7a
1835,1JzmP169akHVF9kC8CDtctget3w6r1TWPD
1836,3C18dxFMi1ACZQEvboBM1XryktbC74zG43
1837,3LERXAD7RFPRjLnZ5JeCKwgFTVctmLemmg
1838,bc1qmww0832qlh98qfd6fjase4wexcvf0yckn0c9dz
1839,37aaZpY1WBeZrdUiHszQwMK7a9GEuHyhPm
1840,1BJNf7C4NnC866oKapPtqeNWScJCPupp17
1841,18uEWHigPwAz9GxTFYgi8q6kTrvf6p5A6V
1842,393qHpQ9FTEfAFLvZmqUPdPmK4bfX6ZEQ8
1843,1MsA7LABCVg94owyPmKXb83nf9QYUH4eV8
1844,141L1KcBs7DVsMRLBn4fQgG6C3eYyf2kun
1845,bc1qn07pq7flays29eg4jxvnhxl95jsp0k9zg67e0m
1846,3P9G2z2Hg3BSNKGYfgRMJTFQfuSRDKp4Pg
1847,1A8iSoptxydkDh5TpaFfDswNhZxbNfivK6
1848,1BdywHaRGZ1mfepaTghtTyZyuxj7Qhba9p
1849,1GAuWBd6Pzi48hdyjLsTRAG7w344ucRYUa
1850,3JWXzv3JCJeqSZ1g2aq9BC5JrWw57PY8WL
1851,39kwNdMeJGbhWT9dtNvJCuCeQonkkH4qeF
1852,3F4TGTWscc591j1MX3VyMDREZTK3itsyRB
1853,33TyTHuf7tdZ9cuS7ZyQfAzGsH4n2gbVgk
1854,1KvxijyKC3pkQC9VQQwyM5CeBMMLpoXoEj
1855,1CeBcP1sFRkFpxxuB1co9ANFc84YMBTbH1
1856,37Cm1KRQZjpz9Yspiyfqi9bBhgHVLGmKjw
1857,bc1qy8rfu5k5f4a6ngq0nzq8mn7unnm968l9y3hxzpp0mhse8w3hus0q9euvm0
1858,138gTVQScUho2RkpMjAv3KmVHVHSJJjgr6
1859,bc1q3j8cylcgqvsu777e8uwhj7y7kvup6d5la8cv58
1860,1B6a6pEUyJD6JTKCgVpL8swMQcaqToxxmd
1861,bc1qaml0h5y0akzjjc6y6xuj04auk44tyem3tndrpv
1862,3FEoEd6SEiLEFAibtmsAhUdj2BJqb4DPzW
1863,bc1qh4yu2j5gmr69c87p2tykpy6tyvud8psvwzcx0c
1864,38CvniWjuV1rFQ3oSXiiyv8DQGbcN58WoH
1865,bc1qxvmecgc2h9vxv5cxz2x5htvg23g0pqgvftwz3t
1866,17o5uoWkybMysngVuKPoSseGgknSiJGKtt
1867,16bAEDC5XhS3F4XNmMiKduRPA5FMY3Y6cF
1868,32DSXzk3peH7txdPx37EDQPfn9L3JsrBAN
1869,bc1q5guz084c55lxxf39avf32k2lgfestwkzaqf4a0
1870,1DEfx9s4XpdSt3e9bX6WWVnMxYuQgG7EKm
1871,3HRUjwFjGxF4wiK66bC3arGL2MQL2VMy94
1872,3Pufz4eo1veqXF5g9r43noQCbsuQxnbYKy
1873,bc1qvj603kkgepxta9hlz34k54e3wjcuh5c6ngefaf
1874,1H3HbhxaVtDmcT5DigSSRt5xQhw5SkppkX
1875,bc1qkd6atc6k6v4whnkpxer658rfmgqk8jv4wkwkhn
1876,1GBGUaNa5Je3AaBTuSzHFDjRwDX7BrmPkx
1877,1EaGMEvjcrfjgYn3xhKoUq5ikBydskhVV3
1878,bc1qwnasyx0fvmds6tre9rqz8nk46st332yrpydt7m
1879,1Q7aQLY5rfEVdG13sMTxuByzDcXU3EYCxC
1880,3Cw9kudywkQzwHMWZNzXxcUYYTatyHtYSw
1881,1D2QQWqVgp7BBM6AsKHCuaGMKWVsuJkCdw
1882,13nFbDh58JfLm9ntg46g8JfZPa8Vi7bCBC
1883,bc1qk4rt2zd8657pzp7ymh9xc93xpqexzvk0lvhqgh
1884,14ZajH52MyCBiazjL5LvyuUrnwvnnaqdi7
1885,1GMStWa9VvrMQdgBDnZZ9GpZCxrnY7GknA
1886,1AoyDFVHcHnzwUqQ3ctobjq7ovGpP4kfph
1887,13PcfEveRLwgzLgE5FxP2dEEubWeimb8MB
1888,1PsFdF1Xnp4BwbYRgw1UN3vxEj4RS3E7Uq
1889,1EpmcTbNLqdP719meggbRh2MWPuByWsREa
1890,16N3jG6mtsCto764R9cK5Uuor8PX3Rumy7
1891,18jd3kuySz7RdD2ggPGKJf5oPKB9hSazbq
1892,3LjzBmix2bn5pLzx3rx5zzbwW2KEWNhdTu
1893,bc1qhsft32frxt5et5ht5qm2gq4hw8xrhs5hc4g24d
1894,1EqkejUUJZmkS7Riq1RqzN6zCcwZP4YS6D
1895,14omgUWHD59N1S5GrqFCCi6ckpCa6rzmdt
1896,1DFYj8AgzBPmwAU6ZN92j4RrFT6r1PE4r8
1897,33ndDVb7qTnjKbVJhfVa9asWQUsvPUb8PR
1898,3QAHrV7qxp5z7jorUHtcoihVQXR7174ymL
1899,12QnByCR1Rd1odN5UtDCfvfDjM9ZFGRKRe
1900,3CXhncAiyp3UwMLLUJRwYxnvyigXW1Jrmi
1901,3D15FHSthVnfDa7pDjcRYgNEtXji32e4iu
1902,1HqzM33YdY667wv3DsxH2ouRjy7sp6S4XL
1903,3M6zD4LDuoKcndSnHc8Nd7kfKx5u8i4pou
1904,bc1q9d6ulml3jy6mqq02ky4kj5fll37lga3svhlkrp
1905,bc1qqdedlyusscz87k6ad0nxmfx7gdwlncvve9y6gl
1906,15So2ZhFpuhTfiT4Sqd2xTKwGBWvg33aF9
1907,1H9RKrh9QR58cwjZTbAw9fVwdkUe4oWa8K
1908,3AoY1x3EVmVpiQwQQEQGXYDrcJPRLwGg7D
1909,1E4onauBc83qAA4LHg6jGxtR5HMQFVcs7b
1910,18TZiq1VcaXDcU58vEqkBF1SQvc6B2Fayh
1911,1EEWLWTXLcY2QzJmYBWV3bagUnMDGq7irG
1912,bc1qj6wney40p2tsltwu2ckmkzq2fnjv8husl0drej
1913,3DdEDW8XtXVnAEdPFEYkjp72AoFh5inqdC
1914,3M8ScXCdSA12scPv9N8cpvN9opxun6f64M
1915,bc1qdc8kpvz2j0pnmhu6m4597j5gk5xkq5m6rfx9ya
1916,3QdXketRYA4czVNyTVSEmAQrJthVmZz1cK
1917,1CPDVJEGUVGqvJKE1akjzJ2boiNpQWtHjh
1918,bc1qrqe3a26s3jtcg40snnnst0atjdzu4jnwcux950
1919,bc1qzl07py2rcj925qn5dv895ndm92cuffhy2tk2c3
1920,1MgByL5fvYREoU7aLgKabMuNhjAErf8x95
1921,1FCBib9c57FDaVs2EieciRo8Bq4SfyskGM
1922,bc1qyxyusl4rr0953aaajxvtl9asnrnfdx6fumxcch
1923,1JNKDxug6fGW3ANRGNdK9h4bMdDPgeHKMz
1924,13pUZZ67wwViSLo8NKRvcn3dpnDg9YuePn
1925,19t4hpvanh7Rzx3bCfuu3g5EKE942gz97B
1926,1MYkiMnvk3QBgQ2s32YsXB5ZRwbbtwVqYo
1927,3JR2bXbapASGxW2HzBaaNAk4xydgvZysxq
1928,1NRGH24h32bB7fRDWVk4uVaYEEAKSuqugg
